"GFF Download Link","Organellar genome(s)","VEuPathDB Project","Chromosomes","Supercontigs","Contigs","Available for community annotation","BUSCO Genomic","BUSCO Lineage Dataset","BUSCO Protein","Genome Source","Genome Version/Assembly ID","Mega base Pairs","Structural Annotation Source","Structural Annotation Version","Is Reference Strain","Organism","Species","Species NCBI taxon ID","Strain","Strain NCBI taxon ID","CDS Fasta Download Link","Genome Fasta Download Link","Protein Fasta Download Link","Transcript Fasta Download Link","ChIP chip","EC#","ESTs","Genes","GO terms","Microarray","Non Protein coding genes","Orthologs","Popset Sequences","Protein coding genes","Proteomics","Pseudogenes","RNA Seq","RT-PCR","SNPs","TFBS","User comments"
"http://TriTrypDB.org/common/downloads/Current_Release/TvivaxY486/gff/data/TriTrypDB-68_TvivaxY486.gff","no","TriTrypDB","11","0","8279","Apollo","C:  94.6%[S:  94.6%,D:   0.0%],F:   4.6%,M:   0.8%,n:130","euglenozoa_odb10","C:  94.6%[S:  94.6%,D:   0.0%],F:   2.3%,M:   3.1%,n:130","GenBank","GCA_000227375.1","   47.51","GeneDB","Jun 06, 2016","yes","Trypanosoma vivax Y486","Trypanosoma vivax","5699","Y486","1055687","http://TriTrypDB.org/common/downloads/Current_Release/TvivaxY486/fasta/data/TriTrypDB-68_TvivaxY486_CDs.fasta","http://TriTrypDB.org/common/downloads/Current_Release/TvivaxY486/fasta/data/TriTrypDB-68_TvivaxY486_Genome.fasta","http://TriTrypDB.org/common/downloads/Current_Release/TvivaxY486/fasta/data/TriTrypDB-68_TvivaxY486_AnnotatedProteins.fasta","http://TriTrypDB.org/common/downloads/Current_Release/TvivaxY486/fasta/data/TriTrypDB-68_TvivaxY486_AnnotatedTranscripts.fasta","N/A","708","N/A","12050","6449","N/A","1038","11012","29996","11012","N/A","382","N/A","N/A","N/A","N/A","36"
"http://TriTrypDB.org/common/downloads/Current_Release/TcongolenseIL3000/gff/data/TriTrypDB-68_TcongolenseIL3000.gff","no","TriTrypDB","11","0","2828","Apollo","C:  92.3%[S:  68.5%,D:  23.8%],F:   6.9%,M:   0.8%,n:130","euglenozoa_odb10","C:  93.8%[S:  89.2%,D:   4.6%],F:   5.4%,M:   0.8%,n:130","GenBank","GCA_000227395.2","   41.37","GeneDB","Jun 06, 2016","yes","Trypanosoma congolense IL3000","Trypanosoma congolense","5692","IL3000","1068625","http://TriTrypDB.org/common/downloads/Current_Release/TcongolenseIL3000/fasta/data/TriTrypDB-68_TcongolenseIL3000_CDs.fasta","http://TriTrypDB.org/common/downloads/Current_Release/TcongolenseIL3000/fasta/data/TriTrypDB-68_TcongolenseIL3000_Genome.fasta","http://TriTrypDB.org/common/downloads/Current_Release/TcongolenseIL3000/fasta/data/TriTrypDB-68_TcongolenseIL3000_AnnotatedProteins.fasta","http://TriTrypDB.org/common/downloads/Current_Release/TcongolenseIL3000/fasta/data/TriTrypDB-68_TcongolenseIL3000_AnnotatedTranscripts.fasta","N/A","150","4313","11792","7479","N/A","537","11255","31039","11255","N/A","330","N/A","N/A","11476","N/A","70"
"http://TriTrypDB.org/common/downloads/Current_Release/LaethiopicaL147/gff/data/TriTrypDB-68_LaethiopicaL147.gff","no","TriTrypDB","36","124","0","Apollo","C: 100.0%[S: 100.0%,D:   0.0%],F:   0.0%,M:   0.0%,n:130","euglenozoa_odb10","C:  95.4%[S:  95.4%,D:   0.0%],F:   1.5%,M:   3.1%,n:130","GenBank","GCA_000444285.2","   31.63","GeneDB","Dec 16, 2014","yes","Leishmania aethiopica L147","Leishmania aethiopica","5667","L147","1206056","http://TriTrypDB.org/common/downloads/Current_Release/LaethiopicaL147/fasta/data/TriTrypDB-68_LaethiopicaL147_CDs.fasta","http://TriTrypDB.org/common/downloads/Current_Release/LaethiopicaL147/fasta/data/TriTrypDB-68_LaethiopicaL147_Genome.fasta","http://TriTrypDB.org/common/downloads/Current_Release/LaethiopicaL147/fasta/data/TriTrypDB-68_LaethiopicaL147_AnnotatedProteins.fasta","http://TriTrypDB.org/common/downloads/Current_Release/LaethiopicaL147/fasta/data/TriTrypDB-68_LaethiopicaL147_AnnotatedTranscripts.fasta","N/A","43","N/A","8722","4030","N/A","189","8533","30612","8533","N/A","189","N/A","N/A","N/A","N/A","13"
"http://TriTrypDB.org/common/downloads/Current_Release/LtropicaL590/gff/data/TriTrypDB-68_LtropicaL590.gff","no","TriTrypDB","36","124","0","Apollo","C: 100.0%[S:  99.2%,D:   0.8%],F:   0.0%,M:   0.0%,n:130","euglenozoa_odb10","C: 100.0%[S:  98.5%,D:   1.5%],F:   0.0%,M:   0.0%,n:130","GenBank","GCA_000410715.1","   33.02","GeneDB","Dec 16, 2014","yes","Leishmania tropica L590","Leishmania tropica","5666","L590","1206058","http://TriTrypDB.org/common/downloads/Current_Release/LtropicaL590/fasta/data/TriTrypDB-68_LtropicaL590_CDs.fasta","http://TriTrypDB.org/common/downloads/Current_Release/LtropicaL590/fasta/data/TriTrypDB-68_LtropicaL590_Genome.fasta","http://TriTrypDB.org/common/downloads/Current_Release/LtropicaL590/fasta/data/TriTrypDB-68_LtropicaL590_AnnotatedProteins.fasta","http://TriTrypDB.org/common/downloads/Current_Release/LtropicaL590/fasta/data/TriTrypDB-68_LtropicaL590_AnnotatedTranscripts.fasta","N/A","59","N/A","8938","4050","N/A","114","8824","29718","8824","N/A","0","N/A","N/A","N/A","N/A","14"
"http://TriTrypDB.org/common/downloads/Current_Release/TcruziTulacl2/gff/data/TriTrypDB-68_TcruziTulacl2.gff","no","TriTrypDB","0","1780","43931","N/A","C:  85.4%[S:  47.7%,D:  37.7%],F:  11.5%,M:   3.1%,n:130","euglenozoa_odb10","N/A","GenBank","GCA_000365225.1","   83.51","n/a","n/a","no","Trypanosoma cruzi Tula cl2","Trypanosoma cruzi","5693","Tula cl2","1206070","http://TriTrypDB.org/common/downloads/Current_Release/TcruziTulacl2/fasta/data/TriTrypDB-68_TcruziTulacl2_CDs.fasta","http://TriTrypDB.org/common/downloads/Current_Release/TcruziTulacl2/fasta/data/TriTrypDB-68_TcruziTulacl2_Genome.fasta","http://TriTrypDB.org/common/downloads/Current_Release/TcruziTulacl2/fasta/data/TriTrypDB-68_TcruziTulacl2_AnnotatedProteins.fasta","http://TriTrypDB.org/common/downloads/Current_Release/TcruziTulacl2/fasta/data/TriTrypDB-68_TcruziTulacl2_AnnotatedTranscripts.fasta","N/A","N/A","N/A","N/A","N/A","N/A","0","N/A","N/A","0","N/A","0","N/A","N/A","N/A","N/A","N/A"
"http://TriTrypDB.org/common/downloads/Current_Release/LpanamensisMHOMCOL81L13/gff/data/TriTrypDB-68_LpanamensisMHOMCOL81L13.gff","no","TriTrypDB","36","820","0","Apollo","C: 100.0%[S: 100.0%,D:   0.0%],F:   0.0%,M:   0.0%,n:130","euglenozoa_odb10","C:  98.5%[S:  98.5%,D:   0.0%],F:   1.5%,M:   0.0%,n:130","GenBank","GCA_000340495.1","   31.26","GeneDB","Dec 16, 2014","yes","Leishmania panamensis MHOM/COL/81/L13","Leishmania panamensis","5679","MHOM/COL/81/L13","1295824","http://TriTrypDB.org/common/downloads/Current_Release/LpanamensisMHOMCOL81L13/fasta/data/TriTrypDB-68_LpanamensisMHOMCOL81L13_CDs.fasta","http://TriTrypDB.org/common/downloads/Current_Release/LpanamensisMHOMCOL81L13/fasta/data/TriTrypDB-68_LpanamensisMHOMCOL81L13_Genome.fasta","http://TriTrypDB.org/common/downloads/Current_Release/LpanamensisMHOMCOL81L13/fasta/data/TriTrypDB-68_LpanamensisMHOMCOL81L13_AnnotatedProteins.fasta","http://TriTrypDB.org/common/downloads/Current_Release/LpanamensisMHOMCOL81L13/fasta/data/TriTrypDB-68_LpanamensisMHOMCOL81L13_AnnotatedTranscripts.fasta","N/A","62","N/A","8778","3930","N/A","113","8665","37300","8665","N/A","0","N/A","N/A","5337","N/A","12"
"http://TriTrypDB.org/common/downloads/Current_Release/LbraziliensisMHOMBR75M2903/gff/data/TriTrypDB-68_LbraziliensisMHOMBR75M2903.gff","no","TriTrypDB","35","709","0","N/A","C:  97.7%[S:  97.7%,D:   0.0%],F:   2.3%,M:   0.0%,n:130","euglenozoa_odb10","C:  96.2%[S:  96.2%,D:   0.0%],F:   3.8%,M:   0.0%,n:130","GenBank","GCA_000340355.2","   35.21","GeneDB","Dec 16, 2014","no","Leishmania braziliensis MHOM/BR/75/M2903","Leishmania braziliensis","5660","MHOM/BR/75/M2903","1295825","http://TriTrypDB.org/common/downloads/Current_Release/LbraziliensisMHOMBR75M2903/fasta/data/TriTrypDB-68_LbraziliensisMHOMBR75M2903_CDs.fasta","http://TriTrypDB.org/common/downloads/Current_Release/LbraziliensisMHOMBR75M2903/fasta/data/TriTrypDB-68_LbraziliensisMHOMBR75M2903_Genome.fasta","http://TriTrypDB.org/common/downloads/Current_Release/LbraziliensisMHOMBR75M2903/fasta/data/TriTrypDB-68_LbraziliensisMHOMBR75M2903_AnnotatedProteins.fasta","http://TriTrypDB.org/common/downloads/Current_Release/LbraziliensisMHOMBR75M2903/fasta/data/TriTrypDB-68_LbraziliensisMHOMBR75M2903_AnnotatedTranscripts.fasta","N/A","56","1","9379","3768","N/A","110","9261","37353","9269","N/A","0","N/A","N/A","N/A","N/A","16"
"http://TriTrypDB.org/common/downloads/Current_Release/TcruziDm28c2014/gff/data/TriTrypDB-68_TcruziDm28c2014.gff","no","TriTrypDB","0","0","1210","N/A","C:  93.1%[S:  93.1%,D:   0.0%],F:   6.9%,M:   0.0%,n:130","euglenozoa_odb10","C:  91.5%[S:  91.5%,D:   0.0%],F:   7.7%,M:   0.8%,n:130","GenBank","GCA_000496795.1","   27.35","GenBank","Nov 13, 2013","no","Trypanosoma cruzi Dm28c 2014","Trypanosoma cruzi","5693","Dm28c 2014","1416333","http://TriTrypDB.org/common/downloads/Current_Release/TcruziDm28c2014/fasta/data/TriTrypDB-68_TcruziDm28c2014_CDs.fasta","http://TriTrypDB.org/common/downloads/Current_Release/TcruziDm28c2014/fasta/data/TriTrypDB-68_TcruziDm28c2014_Genome.fasta","http://TriTrypDB.org/common/downloads/Current_Release/TcruziDm28c2014/fasta/data/TriTrypDB-68_TcruziDm28c2014_AnnotatedProteins.fasta","http://TriTrypDB.org/common/downloads/Current_Release/TcruziDm28c2014/fasta/data/TriTrypDB-68_TcruziDm28c2014_AnnotatedTranscripts.fasta","N/A","533","1536","11398","5883","N/A","50","11348","29570","11348","N/A","0","N/A","N/A","N/A","N/A","29"
"http://TriTrypDB.org/common/downloads/Current_Release/TbruceiTREU927/gff/data/TriTrypDB-68_TbruceiTREU927.gff","no","TriTrypDB","16","0","115","Apollo","C:  99.2%[S:  90.0%,D:   9.2%],F:   0.8%,M:   0.0%,n:130","euglenozoa_odb10","C:  99.2%[S:  93.1%,D:   6.2%],F:   0.0%,M:   0.8%,n:130","GenBank","GCA_000002445.1","   35.83","GeneDB","Nov 01, 2020","yes","Trypanosoma brucei brucei TREU927","Trypanosoma brucei","5691","brucei TREU927","185431","http://TriTrypDB.org/common/downloads/Current_Release/TbruceiTREU927/fasta/data/TriTrypDB-68_TbruceiTREU927_CDs.fasta","http://TriTrypDB.org/common/downloads/Current_Release/TbruceiTREU927/fasta/data/TriTrypDB-68_TbruceiTREU927_Genome.fasta","http://TriTrypDB.org/common/downloads/Current_Release/TbruceiTREU927/fasta/data/TriTrypDB-68_TbruceiTREU927_AnnotatedProteins.fasta","http://TriTrypDB.org/common/downloads/Current_Release/TbruceiTREU927/fasta/data/TriTrypDB-68_TbruceiTREU927_AnnotatedTranscripts.fasta","8063","1143","1405","11764","8688","10873","2104","9660","41718","9660","7401","1475","11764","N/A","11071","N/A","4213"
"http://TriTrypDB.org/common/downloads/Current_Release/LmajorFriedlin/gff/data/TriTrypDB-68_LmajorFriedlin.gff","no","TriTrypDB","36","0","0","Apollo","C: 100.0%[S: 100.0%,D:   0.0%],F:   0.0%,M:   0.0%,n:130","euglenozoa_odb10","C: 100.0%[S: 100.0%,D:   0.0%],F:   0.0%,M:   0.0%,n:130","GenBank","GCA_000002725.2","   32.86","GeneDB","May 28, 2016","yes","Leishmania major strain Friedlin","Leishmania major","5664","strain Friedlin","347515","http://TriTrypDB.org/common/downloads/Current_Release/LmajorFriedlin/fasta/data/TriTrypDB-68_LmajorFriedlin_CDs.fasta","http://TriTrypDB.org/common/downloads/Current_Release/LmajorFriedlin/fasta/data/TriTrypDB-68_LmajorFriedlin_Genome.fasta","http://TriTrypDB.org/common/downloads/Current_Release/LmajorFriedlin/fasta/data/TriTrypDB-68_LmajorFriedlin_AnnotatedProteins.fasta","http://TriTrypDB.org/common/downloads/Current_Release/LmajorFriedlin/fasta/data/TriTrypDB-68_LmajorFriedlin_AnnotatedTranscripts.fasta","9325","1080","469","9378","5626","8628","1071","8307","41205","8307","7184","95","9378","N/A","7433","N/A","786"
"http://TriTrypDB.org/common/downloads/Current_Release/TcruziCLBrener/gff/data/TriTrypDB-68_TcruziCLBrener.gff","no","TriTrypDB","0","0","29407","N/A","C:  14.6%[S:  12.3%,D:   2.3%],F:  12.3%,M:  73.1%,n:130","euglenozoa_odb10","C:   0.0%[S:   0.0%,D:   0.0%],F:   2.3%,M:  97.7%,n:130","GenBank","GCA_000209065.1","   36.03","GeneDB","Dec 07, 2015","no","Trypanosoma cruzi strain CL Brener","Trypanosoma cruzi","5693","strain CL Brener","353153","http://TriTrypDB.org/common/downloads/Current_Release/TcruziCLBrener/fasta/data/TriTrypDB-68_TcruziCLBrener_CDs.fasta","http://TriTrypDB.org/common/downloads/Current_Release/TcruziCLBrener/fasta/data/TriTrypDB-68_TcruziCLBrener_Genome.fasta","http://TriTrypDB.org/common/downloads/Current_Release/TcruziCLBrener/fasta/data/TriTrypDB-68_TcruziCLBrener_AnnotatedProteins.fasta","http://TriTrypDB.org/common/downloads/Current_Release/TcruziCLBrener/fasta/data/TriTrypDB-68_TcruziCLBrener_AnnotatedTranscripts.fasta","N/A","10","51","3397","738","N/A","2153","1244","10156","1244","253","891","3397","N/A","1898","N/A","476"
"http://TriTrypDB.org/common/downloads/Current_Release/TcruziEsmeraldo/gff/data/TriTrypDB-68_TcruziEsmeraldo.gff","no","TriTrypDB","0","796","15007","N/A","C:  94.6%[S:  94.6%,D:   0.0%],F:   4.6%,M:   0.8%,n:130","euglenozoa_odb10","N/A","GenBank","GCA_000327425.1","   38.08","n/a","n/a","no","Trypanosoma cruzi strain Esmeraldo","Trypanosoma cruzi","5693","strain Esmeraldo","366581","http://TriTrypDB.org/common/downloads/Current_Release/TcruziEsmeraldo/fasta/data/TriTrypDB-68_TcruziEsmeraldo_CDs.fasta","http://TriTrypDB.org/common/downloads/Current_Release/TcruziEsmeraldo/fasta/data/TriTrypDB-68_TcruziEsmeraldo_Genome.fasta","http://TriTrypDB.org/common/downloads/Current_Release/TcruziEsmeraldo/fasta/data/TriTrypDB-68_TcruziEsmeraldo_AnnotatedProteins.fasta","http://TriTrypDB.org/common/downloads/Current_Release/TcruziEsmeraldo/fasta/data/TriTrypDB-68_TcruziEsmeraldo_AnnotatedTranscripts.fasta","N/A","N/A","N/A","N/A","N/A","N/A","0","N/A","N/A","0","N/A","0","N/A","N/A","N/A","N/A","N/A"
"http://TriTrypDB.org/common/downloads/Current_Release/LbraziliensisMHOMBR75M2904/gff/data/TriTrypDB-68_LbraziliensisMHOMBR75M2904.gff","no","TriTrypDB","36","0","103","Apollo","C:  97.7%[S:  97.7%,D:   0.0%],F:   1.5%,M:   0.8%,n:130","euglenozoa_odb10","C:  98.5%[S:  98.5%,D:   0.0%],F:   0.8%,M:   0.8%,n:130","GenBank","GCA_000002845.2","   32.08","GeneDB","May 28, 2016","yes","Leishmania braziliensis MHOM/BR/75/M2904","Leishmania braziliensis","5660","MHOM/BR/75/M2904","420245","http://TriTrypDB.org/common/downloads/Current_Release/LbraziliensisMHOMBR75M2904/fasta/data/TriTrypDB-68_LbraziliensisMHOMBR75M2904_CDs.fasta","http://TriTrypDB.org/common/downloads/Current_Release/LbraziliensisMHOMBR75M2904/fasta/data/TriTrypDB-68_LbraziliensisMHOMBR75M2904_Genome.fasta","http://TriTrypDB.org/common/downloads/Current_Release/LbraziliensisMHOMBR75M2904/fasta/data/TriTrypDB-68_LbraziliensisMHOMBR75M2904_AnnotatedProteins.fasta","http://TriTrypDB.org/common/downloads/Current_Release/LbraziliensisMHOMBR75M2904/fasta/data/TriTrypDB-68_LbraziliensisMHOMBR75M2904_AnnotatedTranscripts.fasta","N/A","1038","1","8493","5848","N/A","317","8176","33906","8176","58","178","8493","N/A","7403","N/A","69"
"http://TriTrypDB.org/common/downloads/Current_Release/TrangeliSC58/gff/data/TriTrypDB-68_TrangeliSC58.gff","no","TriTrypDB","0","0","7433","Apollo","C:  96.2%[S:  96.2%,D:   0.0%],F:   3.1%,M:   0.8%,n:130","euglenozoa_odb10","C:  94.6%[S:  94.6%,D:   0.0%],F:   3.8%,M:   1.5%,n:130","GenBank","GCA_000492115.1","   14.02","GenBank","Oct 30, 2013","yes","Trypanosoma rangeli SC58","Trypanosoma rangeli","5698","SC58","429131","http://TriTrypDB.org/common/downloads/Current_Release/TrangeliSC58/fasta/data/TriTrypDB-68_TrangeliSC58_CDs.fasta","http://TriTrypDB.org/common/downloads/Current_Release/TrangeliSC58/fasta/data/TriTrypDB-68_TrangeliSC58_Genome.fasta","http://TriTrypDB.org/common/downloads/Current_Release/TrangeliSC58/fasta/data/TriTrypDB-68_TrangeliSC58_AnnotatedProteins.fasta","http://TriTrypDB.org/common/downloads/Current_Release/TrangeliSC58/fasta/data/TriTrypDB-68_TrangeliSC58_AnnotatedTranscripts.fasta","N/A","564","959","7475","4625","N/A","0","7475","31044","7475","N/A","0","N/A","N/A","N/A","N/A","10"
"http://TriTrypDB.org/common/downloads/Current_Release/LinfantumJPCM5/gff/data/TriTrypDB-68_LinfantumJPCM5.gff","no","TriTrypDB","36","0","0","Apollo","C: 100.0%[S: 100.0%,D:   0.0%],F:   0.0%,M:   0.0%,n:130","euglenozoa_odb10","C: 100.0%[S: 100.0%,D:   0.0%],F:   0.0%,M:   0.0%,n:130","GenBank","GCA_900500625.2","   32.80","RequenaLab","Jul 13, 2018","yes","Leishmania infantum JPCM5","Leishmania infantum","5671","JPCM5","435258","http://TriTrypDB.org/common/downloads/Current_Release/LinfantumJPCM5/fasta/data/TriTrypDB-68_LinfantumJPCM5_CDs.fasta","http://TriTrypDB.org/common/downloads/Current_Release/LinfantumJPCM5/fasta/data/TriTrypDB-68_LinfantumJPCM5_Genome.fasta","http://TriTrypDB.org/common/downloads/Current_Release/LinfantumJPCM5/fasta/data/TriTrypDB-68_LinfantumJPCM5_AnnotatedProteins.fasta","http://TriTrypDB.org/common/downloads/Current_Release/LinfantumJPCM5/fasta/data/TriTrypDB-68_LinfantumJPCM5_AnnotatedTranscripts.fasta","N/A","1247","10","8748","4854","8595","221","8527","38502","8527","1078","64","8748","N/A","7865","N/A","151"
"http://TriTrypDB.org/common/downloads/Current_Release/TbruceigambienseDAL972/gff/data/TriTrypDB-68_TbruceigambienseDAL972.gff","no","TriTrypDB","11","0","0","N/A","C:  97.7%[S:  97.7%,D:   0.0%],F:   2.3%,M:   0.0%,n:130","euglenozoa_odb10","C:  98.5%[S:  98.5%,D:   0.0%],F:   1.5%,M:   0.0%,n:130","GenBank","GCA_000210295.1","   22.15","GeneDB","May 28, 2016","no","Trypanosoma brucei gambiense DAL972","Trypanosoma brucei","5691","gambiense DAL972","679716","http://TriTrypDB.org/common/downloads/Current_Release/TbruceigambienseDAL972/fasta/data/TriTrypDB-68_TbruceigambienseDAL972_CDs.fasta","http://TriTrypDB.org/common/downloads/Current_Release/TbruceigambienseDAL972/fasta/data/TriTrypDB-68_TbruceigambienseDAL972_Genome.fasta","http://TriTrypDB.org/common/downloads/Current_Release/TbruceigambienseDAL972/fasta/data/TriTrypDB-68_TbruceigambienseDAL972_AnnotatedProteins.fasta","http://TriTrypDB.org/common/downloads/Current_Release/TbruceigambienseDAL972/fasta/data/TriTrypDB-68_TbruceigambienseDAL972_AnnotatedTranscripts.fasta","N/A","791","1013","8082","6502","N/A","225","7857","33849","7857","N/A","131","N/A","N/A","3144","N/A","35"
"http://TriTrypDB.org/common/downloads/Current_Release/LmajorLV39c5/gff/data/TriTrypDB-68_LmajorLV39c5.gff","no","TriTrypDB","36","773","0","N/A","C: 100.0%[S: 100.0%,D:   0.0%],F:   0.0%,M:   0.0%,n:130","euglenozoa_odb10","C: 100.0%[S: 100.0%,D:   0.0%],F:   0.0%,M:   0.0%,n:130","GenBank","GCA_000331345.1","   32.33","GeneDB","Jan 16, 2015","no","Leishmania major strain LV39c5","Leishmania major","5664","strain LV39c5","860569","http://TriTrypDB.org/common/downloads/Current_Release/LmajorLV39c5/fasta/data/TriTrypDB-68_LmajorLV39c5_CDs.fasta","http://TriTrypDB.org/common/downloads/Current_Release/LmajorLV39c5/fasta/data/TriTrypDB-68_LmajorLV39c5_Genome.fasta","http://TriTrypDB.org/common/downloads/Current_Release/LmajorLV39c5/fasta/data/TriTrypDB-68_LmajorLV39c5_AnnotatedProteins.fasta","http://TriTrypDB.org/common/downloads/Current_Release/LmajorLV39c5/fasta/data/TriTrypDB-68_LmajorLV39c5_AnnotatedTranscripts.fasta","N/A","78","438","9101","4139","N/A","130","8971","38189","8971","N/A","0","N/A","N/A","N/A","N/A","4"
"http://TriTrypDB.org/common/downloads/Current_Release/LmajorSD75.1/gff/data/TriTrypDB-68_LmajorSD75.1.gff","no","TriTrypDB","0","36","0","N/A","C:  98.5%[S:  98.5%,D:   0.0%],F:   0.0%,M:   1.5%,n:130","euglenozoa_odb10","C:  98.5%[S:  98.5%,D:   0.0%],F:   0.0%,M:   1.5%,n:130","GenBank","GCA_000250755.2","   31.24","GeneDB","Jan 16, 2015","no","Leishmania major strain SD 75.1","Leishmania major","5664","strain SD 75.1","860570","http://TriTrypDB.org/common/downloads/Current_Release/LmajorSD75.1/fasta/data/TriTrypDB-68_LmajorSD75.1_CDs.fasta","http://TriTrypDB.org/common/downloads/Current_Release/LmajorSD75.1/fasta/data/TriTrypDB-68_LmajorSD75.1_Genome.fasta","http://TriTrypDB.org/common/downloads/Current_Release/LmajorSD75.1/fasta/data/TriTrypDB-68_LmajorSD75.1_AnnotatedProteins.fasta","http://TriTrypDB.org/common/downloads/Current_Release/LmajorSD75.1/fasta/data/TriTrypDB-68_LmajorSD75.1_AnnotatedTranscripts.fasta","N/A","77","428","8931","4187","N/A","113","8818","38720","8818","N/A","0","N/A","N/A","N/A","N/A","3"
"http://TriTrypDB.org/common/downloads/Current_Release/TcruziJRcl4/gff/data/TriTrypDB-68_TcruziJRcl4.gff","no","TriTrypDB","0","560","14752","N/A","C:  96.9%[S:  96.9%,D:   0.0%],F:   3.1%,M:   0.0%,n:130","euglenozoa_odb10","N/A","GenBank","GCA_000331405.1","   41.48","n/a","n/a","no","Trypanosoma cruzi JR cl. 4","Trypanosoma cruzi","5693","JR cl. 4","914063","http://TriTrypDB.org/common/downloads/Current_Release/TcruziJRcl4/fasta/data/TriTrypDB-68_TcruziJRcl4_CDs.fasta","http://TriTrypDB.org/common/downloads/Current_Release/TcruziJRcl4/fasta/data/TriTrypDB-68_TcruziJRcl4_Genome.fasta","http://TriTrypDB.org/common/downloads/Current_Release/TcruziJRcl4/fasta/data/TriTrypDB-68_TcruziJRcl4_AnnotatedProteins.fasta","http://TriTrypDB.org/common/downloads/Current_Release/TcruziJRcl4/fasta/data/TriTrypDB-68_TcruziJRcl4_AnnotatedTranscripts.fasta","N/A","N/A","N/A","N/A","N/A","N/A","0","N/A","N/A","0","N/A","0","N/A","N/A","N/A","N/A","N/A"
"http://TriTrypDB.org/common/downloads/Current_Release/LmexicanaMHOMGT2001U1103/gff/data/TriTrypDB-68_LmexicanaMHOMGT2001U1103.gff","no","TriTrypDB","34","0","554","Apollo","C: 100.0%[S: 100.0%,D:   0.0%],F:   0.0%,M:   0.0%,n:130","euglenozoa_odb10","C:  99.2%[S:  99.2%,D:   0.0%],F:   0.8%,M:   0.0%,n:130","GenBank","GCA_000234665.4","   32.11","GeneDB","May 28, 2016","yes","Leishmania mexicana MHOM/GT/2001/U1103","Leishmania mexicana","5665","MHOM/GT/2001/U1103","929439","http://TriTrypDB.org/common/downloads/Current_Release/LmexicanaMHOMGT2001U1103/fasta/data/TriTrypDB-68_LmexicanaMHOMGT2001U1103_CDs.fasta","http://TriTrypDB.org/common/downloads/Current_Release/LmexicanaMHOMGT2001U1103/fasta/data/TriTrypDB-68_LmexicanaMHOMGT2001U1103_Genome.fasta","http://TriTrypDB.org/common/downloads/Current_Release/LmexicanaMHOMGT2001U1103/fasta/data/TriTrypDB-68_LmexicanaMHOMGT2001U1103_AnnotatedProteins.fasta","http://TriTrypDB.org/common/downloads/Current_Release/LmexicanaMHOMGT2001U1103/fasta/data/TriTrypDB-68_LmexicanaMHOMGT2001U1103_AnnotatedTranscripts.fasta","N/A","683","N/A","8677","6180","N/A","533","8144","35574","8144","1661","102","8677","N/A","1143","N/A","290"
"http://TriTrypDB.org/common/downloads/Current_Release/LdonovaniBPK282A1/gff/data/TriTrypDB-68_LdonovaniBPK282A1.gff","no","TriTrypDB","36","0","0","Apollo","C: 100.0%[S: 100.0%,D:   0.0%],F:   0.0%,M:   0.0%,n:130","euglenozoa_odb10","C:  99.2%[S:  99.2%,D:   0.0%],F:   0.0%,M:   0.8%,n:130","GenBank","GCA_000227135.2","   32.44","GeneDB","May 28, 2016","yes","Leishmania donovani BPK282A1","Leishmania donovani","5661","BPK282A1","981087","http://TriTrypDB.org/common/downloads/Current_Release/LdonovaniBPK282A1/fasta/data/TriTrypDB-68_LdonovaniBPK282A1_CDs.fasta","http://TriTrypDB.org/common/downloads/Current_Release/LdonovaniBPK282A1/fasta/data/TriTrypDB-68_LdonovaniBPK282A1_Genome.fasta","http://TriTrypDB.org/common/downloads/Current_Release/LdonovaniBPK282A1/fasta/data/TriTrypDB-68_LdonovaniBPK282A1_AnnotatedProteins.fasta","http://TriTrypDB.org/common/downloads/Current_Release/LdonovaniBPK282A1/fasta/data/TriTrypDB-68_LdonovaniBPK282A1_AnnotatedTranscripts.fasta","N/A","190","N/A","8135","5913","N/A","166","7969","38191","7969","4087","54","8135","N/A","7811","N/A","59"
"http://TriTrypDB.org/common/downloads/Current_Release/AdeanaiCavalhoATCCPRA-265/gff/data/TriTrypDB-68_AdeanaiCavalhoATCCPRA-265.gff","no","TriTrypDB","29","0","0","Apollo","C:  94.6%[S:  94.6%,D:   0.0%],F:   3.8%,M:   1.5%,n:130","euglenozoa_odb10","C:  77.7%[S:  77.7%,D:   0.0%],F:  17.7%,M:   4.6%,n:130","INSDC","GCA_903995115.1","   20.98","GenBank","Aug 18, 2020","yes","Angomonas deanei strain Cavalho ATCC PRA-265","Angomonas deanei","59799","strain Cavalho ATCC PRA-265","N/A","http://TriTrypDB.org/common/downloads/Current_Release/AdeanaiCavalhoATCCPRA-265/fasta/data/TriTrypDB-68_AdeanaiCavalhoATCCPRA-265_CDs.fasta","http://TriTrypDB.org/common/downloads/Current_Release/AdeanaiCavalhoATCCPRA-265/fasta/data/TriTrypDB-68_AdeanaiCavalhoATCCPRA-265_Genome.fasta","http://TriTrypDB.org/common/downloads/Current_Release/AdeanaiCavalhoATCCPRA-265/fasta/data/TriTrypDB-68_AdeanaiCavalhoATCCPRA-265_AnnotatedProteins.fasta","http://TriTrypDB.org/common/downloads/Current_Release/AdeanaiCavalhoATCCPRA-265/fasta/data/TriTrypDB-68_AdeanaiCavalhoATCCPRA-265_AnnotatedTranscripts.fasta","N/A","609","N/A","10512","4131","N/A","147","10365","30519","10365","N/A","0","N/A","N/A","N/A","N/A","N/A"
"http://TriTrypDB.org/common/downloads/Current_Release/BayalaiB08-376/gff/data/TriTrypDB-68_BayalaiB08-376.gff","no","TriTrypDB","0","545","0","Apollo","C: 100.0%[S: 100.0%,D:   0.0%],F:   0.0%,M:   0.0%,n:130","euglenozoa_odb10","C:  99.2%[S:  99.2%,D:   0.0%],F:   0.8%,M:   0.0%,n:130","GenBank","GCA_020509355.1","   21.55","YurchenkoLab","Jan 18, 2017","yes","Blechomonas ayalai B08-376","Blechomonas ayalai","1463230","B08-376","N/A","http://TriTrypDB.org/common/downloads/Current_Release/BayalaiB08-376/fasta/data/TriTrypDB-68_BayalaiB08-376_CDs.fasta","http://TriTrypDB.org/common/downloads/Current_Release/BayalaiB08-376/fasta/data/TriTrypDB-68_BayalaiB08-376_Genome.fasta","http://TriTrypDB.org/common/downloads/Current_Release/BayalaiB08-376/fasta/data/TriTrypDB-68_BayalaiB08-376_AnnotatedProteins.fasta","http://TriTrypDB.org/common/downloads/Current_Release/BayalaiB08-376/fasta/data/TriTrypDB-68_BayalaiB08-376_AnnotatedTranscripts.fasta","N/A","N/A","N/A","8126","3589","N/A","84","8042","33373","8042","N/A","0","N/A","N/A","N/A","N/A","2"
"http://TriTrypDB.org/common/downloads/Current_Release/BnonstopP57/gff/data/TriTrypDB-68_BnonstopP57.gff","no","TriTrypDB","0","77","0","N/A","C:  35.4%[S:  35.4%,D:   0.0%],F:  14.6%,M:  50.0%,n:130","euglenozoa_odb10","N/A","INSDC","GCA_028554745.1","   24.71","N/A","N/A","yes","Blastocrithidia nonstop P57","Blastocrithidia nonstop","2592485","P57","N/A","http://TriTrypDB.org/common/downloads/Current_Release/BnonstopP57/fasta/data/TriTrypDB-68_BnonstopP57_CDs.fasta","http://TriTrypDB.org/common/downloads/Current_Release/BnonstopP57/fasta/data/TriTrypDB-68_BnonstopP57_Genome.fasta","http://TriTrypDB.org/common/downloads/Current_Release/BnonstopP57/fasta/data/TriTrypDB-68_BnonstopP57_AnnotatedProteins.fasta","http://TriTrypDB.org/common/downloads/Current_Release/BnonstopP57/fasta/data/TriTrypDB-68_BnonstopP57_AnnotatedTranscripts.fasta","N/A","N/A","N/A","N/A","N/A","N/A","0","N/A","N/A","0","N/A","0","N/A","N/A","N/A","N/A","N/A"
"http://TriTrypDB.org/common/downloads/Current_Release/BsaltansLakeKonstanz/gff/data/TriTrypDB-68_BsaltansLakeKonstanz.gff","no","TriTrypDB","0","2256","0","Apollo","C:  84.6%[S:  82.3%,D:   2.3%],F:  10.8%,M:   4.6%,n:130","euglenozoa_odb10","C:  86.9%[S:  84.6%,D:   2.3%],F:   9.2%,M:   3.8%,n:130","GenBank","GCA_001460835.1","   39.86","GenBank","Nov 19, 2015","yes","Bodo saltans strain Lake Konstanz","Bodo saltans","75058","strain Lake Konstanz","N/A","http://TriTrypDB.org/common/downloads/Current_Release/BsaltansLakeKonstanz/fasta/data/TriTrypDB-68_BsaltansLakeKonstanz_CDs.fasta","http://TriTrypDB.org/common/downloads/Current_Release/BsaltansLakeKonstanz/fasta/data/TriTrypDB-68_BsaltansLakeKonstanz_Genome.fasta","http://TriTrypDB.org/common/downloads/Current_Release/BsaltansLakeKonstanz/fasta/data/TriTrypDB-68_BsaltansLakeKonstanz_AnnotatedProteins.fasta","http://TriTrypDB.org/common/downloads/Current_Release/BsaltansLakeKonstanz/fasta/data/TriTrypDB-68_BsaltansLakeKonstanz_AnnotatedTranscripts.fasta","N/A","658","55","18222","8960","N/A","443","17777","14","17779","N/A","434","N/A","N/A","N/A","N/A","6"
"http://TriTrypDB.org/common/downloads/Current_Release/CfasciculataCfCl/gff/data/TriTrypDB-68_CfasciculataCfCl.gff","no","TriTrypDB","30","427","0","Apollo","C:  98.5%[S:  86.9%,D:  11.5%],F:   1.5%,M:   0.0%,n:130","euglenozoa_odb10","C:  96.9%[S:  96.9%,D:   0.0%],F:   1.5%,M:   1.5%,n:130","GenBank","GCA_000331325.2","   41.30","BeverleyLab","Jun 01, 2015","yes","Crithidia fasciculata strain Cf-Cl","Crithidia fasciculata","5656","strain Cf-Cl","N/A","http://TriTrypDB.org/common/downloads/Current_Release/CfasciculataCfCl/fasta/data/TriTrypDB-68_CfasciculataCfCl_CDs.fasta","http://TriTrypDB.org/common/downloads/Current_Release/CfasciculataCfCl/fasta/data/TriTrypDB-68_CfasciculataCfCl_Genome.fasta","http://TriTrypDB.org/common/downloads/Current_Release/CfasciculataCfCl/fasta/data/TriTrypDB-68_CfasciculataCfCl_AnnotatedProteins.fasta","http://TriTrypDB.org/common/downloads/Current_Release/CfasciculataCfCl/fasta/data/TriTrypDB-68_CfasciculataCfCl_AnnotatedTranscripts.fasta","N/A","45","N/A","9619","4564","N/A","564","9055","30043","9055","N/A","434","9619","N/A","5624","N/A","31"
"http://TriTrypDB.org/common/downloads/Current_Release/EmonterogeiiLV88/gff/data/TriTrypDB-68_EmonterogeiiLV88.gff","no","TriTrypDB","36","1925","0","Apollo","C: 100.0%[S: 100.0%,D:   0.0%],F:   0.0%,M:   0.0%,n:130","euglenozoa_odb10","C:  97.7%[S:  97.7%,D:   0.0%],F:   2.3%,M:   0.0%,n:130","GenBank","GCA_000333855.2","   32.52","GeneDB","Jan 16, 2015","yes","Endotrypanum monterogeii strain LV88","Endotrypanum monterogeii","5705","strain LV88","N/A","http://TriTrypDB.org/common/downloads/Current_Release/EmonterogeiiLV88/fasta/data/TriTrypDB-68_EmonterogeiiLV88_CDs.fasta","http://TriTrypDB.org/common/downloads/Current_Release/EmonterogeiiLV88/fasta/data/TriTrypDB-68_EmonterogeiiLV88_Genome.fasta","http://TriTrypDB.org/common/downloads/Current_Release/EmonterogeiiLV88/fasta/data/TriTrypDB-68_EmonterogeiiLV88_AnnotatedProteins.fasta","http://TriTrypDB.org/common/downloads/Current_Release/EmonterogeiiLV88/fasta/data/TriTrypDB-68_EmonterogeiiLV88_AnnotatedTranscripts.fasta","N/A","53","N/A","8414","4141","N/A","129","8285","34778","8285","N/A","0","8414","N/A","N/A","N/A","3"
"http://TriTrypDB.org/common/downloads/Current_Release/LamazonensisMHOMBR71973M2269/gff/data/TriTrypDB-68_LamazonensisMHOMBR71973M2269.gff","no","TriTrypDB","0","2627","0","Apollo","C: 100.0%[S: 100.0%,D:   0.0%],F:   0.0%,M:   0.0%,n:130","euglenozoa_odb10","C:  97.7%[S:  97.7%,D:   0.0%],F:   1.5%,M:   0.8%,n:130","GenBank","GCA_000438535.1","   29.03","HertzFowlerLab","Dec 6, 2018","yes","Leishmania amazonensis MHOM/BR/71973/M2269","Leishmania amazonensis","5659","MHOM/BR/71973/M2269","N/A","http://TriTrypDB.org/common/downloads/Current_Release/LamazonensisMHOMBR71973M2269/fasta/data/TriTrypDB-68_LamazonensisMHOMBR71973M2269_CDs.fasta","http://TriTrypDB.org/common/downloads/Current_Release/LamazonensisMHOMBR71973M2269/fasta/data/TriTrypDB-68_LamazonensisMHOMBR71973M2269_Genome.fasta","http://TriTrypDB.org/common/downloads/Current_Release/LamazonensisMHOMBR71973M2269/fasta/data/TriTrypDB-68_LamazonensisMHOMBR71973M2269_AnnotatedProteins.fasta","http://TriTrypDB.org/common/downloads/Current_Release/LamazonensisMHOMBR71973M2269/fasta/data/TriTrypDB-68_LamazonensisMHOMBR71973M2269_AnnotatedTranscripts.fasta","N/A","27","40","8127","4640","N/A","433","7694","36607","7694","N/A","337","8127","N/A","N/A","N/A","N/A"
"http://TriTrypDB.org/common/downloads/Current_Release/LamazonensisPH8/gff/data/TriTrypDB-68_LamazonensisPH8.gff","no","TriTrypDB","34","42","0","N/A","C:  99.2%[S:  99.2%,D:   0.0%],F:   0.0%,M:   0.8%,n:130","euglenozoa_odb10","C:  97.7%[S:  97.7%,D:   0.0%],F:   0.0%,M:   2.3%,n:130","INSDC","GCA_025688915.1","   31.93","GenBank","Oct 14, 2022","no","Leishmania amazonensis strain PH8","Leishmania amazonensis","5659","strain PH8","N/A","http://TriTrypDB.org/common/downloads/Current_Release/LamazonensisPH8/fasta/data/TriTrypDB-68_LamazonensisPH8_CDs.fasta","http://TriTrypDB.org/common/downloads/Current_Release/LamazonensisPH8/fasta/data/TriTrypDB-68_LamazonensisPH8_Genome.fasta","http://TriTrypDB.org/common/downloads/Current_Release/LamazonensisPH8/fasta/data/TriTrypDB-68_LamazonensisPH8_AnnotatedProteins.fasta","http://TriTrypDB.org/common/downloads/Current_Release/LamazonensisPH8/fasta/data/TriTrypDB-68_LamazonensisPH8_AnnotatedTranscripts.fasta","N/A","8","45","8803","3836","N/A","322","8481","38234","8481","N/A","184","N/A","N/A","N/A","N/A","N/A"
"http://TriTrypDB.org/common/downloads/Current_Release/LarabicaLEM1108/gff/data/TriTrypDB-68_LarabicaLEM1108.gff","no","TriTrypDB","36","132","0","Apollo","C: 100.0%[S: 100.0%,D:   0.0%],F:   0.0%,M:   0.0%,n:130","euglenozoa_odb10","C:  98.5%[S:  98.5%,D:   0.0%],F:   0.8%,M:   0.8%,n:130","GenBank","GCA_000410695.2","   31.27","GeneDB","Dec 16, 2014","yes","Leishmania arabica strain LEM1108","Leishmania arabica","40284","strain LEM1108","N/A","http://TriTrypDB.org/common/downloads/Current_Release/LarabicaLEM1108/fasta/data/TriTrypDB-68_LarabicaLEM1108_CDs.fasta","http://TriTrypDB.org/common/downloads/Current_Release/LarabicaLEM1108/fasta/data/TriTrypDB-68_LarabicaLEM1108_Genome.fasta","http://TriTrypDB.org/common/downloads/Current_Release/LarabicaLEM1108/fasta/data/TriTrypDB-68_LarabicaLEM1108_AnnotatedProteins.fasta","http://TriTrypDB.org/common/downloads/Current_Release/LarabicaLEM1108/fasta/data/TriTrypDB-68_LarabicaLEM1108_AnnotatedTranscripts.fasta","N/A","52","N/A","8755","3989","N/A","109","8646","29584","8646","N/A","0","N/A","N/A","N/A","N/A","14"
"http://TriTrypDB.org/common/downloads/Current_Release/LbraziliensisMHOMBR75M2904_2019/gff/data/TriTrypDB-68_LbraziliensisMHOMBR75M2904_2019.gff","no","TriTrypDB","35","0","15","Apollo","N/A","N/A","N/A","Sanger","Jul 30, 2019","   33.51","Sanger","Jul 30, 2019","no","Leishmania braziliensis MHOM/BR/75/M2904 2019","Leishmania braziliensis","5660","MHOM/BR/75/M2904 2019","N/A","http://TriTrypDB.org/common/downloads/Current_Release/LbraziliensisMHOMBR75M2904_2019/fasta/data/TriTrypDB-68_LbraziliensisMHOMBR75M2904_2019_CDs.fasta","http://TriTrypDB.org/common/downloads/Current_Release/LbraziliensisMHOMBR75M2904_2019/fasta/data/TriTrypDB-68_LbraziliensisMHOMBR75M2904_2019_Genome.fasta","http://TriTrypDB.org/common/downloads/Current_Release/LbraziliensisMHOMBR75M2904_2019/fasta/data/TriTrypDB-68_LbraziliensisMHOMBR75M2904_2019_AnnotatedProteins.fasta","http://TriTrypDB.org/common/downloads/Current_Release/LbraziliensisMHOMBR75M2904_2019/fasta/data/TriTrypDB-68_LbraziliensisMHOMBR75M2904_2019_AnnotatedTranscripts.fasta","N/A","N/A","1","8599","3121","N/A","115","7511","37349","8484","N/A","973","N/A","N/A","N/A","N/A","1"
"http://TriTrypDB.org/common/downloads/Current_Release/LdonovaniBHU1220/gff/data/TriTrypDB-68_LdonovaniBHU1220.gff","no","TriTrypDB","36","0","0","N/A","C: 100.0%[S: 100.0%,D:   0.0%],F:   0.0%,M:   0.0%,n:130","euglenozoa_odb10","N/A","GenBank","GCA_000470725.1","   32.41","n/a","n/a","no","Leishmania donovani strain BHU 1220","Leishmania donovani","5661","strain BHU 1220","N/A","http://TriTrypDB.org/common/downloads/Current_Release/LdonovaniBHU1220/fasta/data/TriTrypDB-68_LdonovaniBHU1220_CDs.fasta","http://TriTrypDB.org/common/downloads/Current_Release/LdonovaniBHU1220/fasta/data/TriTrypDB-68_LdonovaniBHU1220_Genome.fasta","http://TriTrypDB.org/common/downloads/Current_Release/LdonovaniBHU1220/fasta/data/TriTrypDB-68_LdonovaniBHU1220_AnnotatedProteins.fasta","http://TriTrypDB.org/common/downloads/Current_Release/LdonovaniBHU1220/fasta/data/TriTrypDB-68_LdonovaniBHU1220_AnnotatedTranscripts.fasta","N/A","N/A","N/A","N/A","N/A","N/A","0","N/A","N/A","0","N/A","0","N/A","N/A","N/A","N/A","N/A"
"http://TriTrypDB.org/common/downloads/Current_Release/LdonovaniCL-SL/gff/data/TriTrypDB-68_LdonovaniCL-SL.gff","no","TriTrypDB","36","0","0","N/A","C: 100.0%[S: 100.0%,D:   0.0%],F:   0.0%,M:   0.0%,n:130","euglenozoa_odb10","C: 100.0%[S: 100.0%,D:   0.0%],F:   0.0%,M:   0.0%,n:130","GenBank","GCA_003719575.1","   32.96","GenBank","Nov 09, 2018","no","Leishmania donovani CL-SL","Leishmania donovani","5661","CL-SL","N/A","http://TriTrypDB.org/common/downloads/Current_Release/LdonovaniCL-SL/fasta/data/TriTrypDB-68_LdonovaniCL-SL_CDs.fasta","http://TriTrypDB.org/common/downloads/Current_Release/LdonovaniCL-SL/fasta/data/TriTrypDB-68_LdonovaniCL-SL_Genome.fasta","http://TriTrypDB.org/common/downloads/Current_Release/LdonovaniCL-SL/fasta/data/TriTrypDB-68_LdonovaniCL-SL_AnnotatedProteins.fasta","http://TriTrypDB.org/common/downloads/Current_Release/LdonovaniCL-SL/fasta/data/TriTrypDB-68_LdonovaniCL-SL_AnnotatedTranscripts.fasta","N/A","1149","N/A","9757","5190","N/A","1125","8632","40071","8632","N/A","0","N/A","N/A","N/A","N/A","3"
"http://TriTrypDB.org/common/downloads/Current_Release/LdonovaniHU3/gff/data/TriTrypDB-68_LdonovaniHU3.gff","no","TriTrypDB","36","0","0","N/A","C: 100.0%[S: 100.0%,D:   0.0%],F:   0.0%,M:   0.0%,n:130","euglenozoa_odb10","C:  99.2%[S:  98.5%,D:   0.8%],F:   0.8%,M:   0.0%,n:130","INSDC","GCA_900635355.2","   33.04","N/A","N/A","no","Leishmania donovani HU3","Leishmania donovani","5661","HU3","N/A","http://TriTrypDB.org/common/downloads/Current_Release/LdonovaniHU3/fasta/data/TriTrypDB-68_LdonovaniHU3_CDs.fasta","http://TriTrypDB.org/common/downloads/Current_Release/LdonovaniHU3/fasta/data/TriTrypDB-68_LdonovaniHU3_Genome.fasta","http://TriTrypDB.org/common/downloads/Current_Release/LdonovaniHU3/fasta/data/TriTrypDB-68_LdonovaniHU3_AnnotatedProteins.fasta","http://TriTrypDB.org/common/downloads/Current_Release/LdonovaniHU3/fasta/data/TriTrypDB-68_LdonovaniHU3_AnnotatedTranscripts.fasta","N/A","734","N/A","8594","5033","N/A","190","8404","37723","8404","N/A","47","N/A","N/A","N/A","N/A","1"
"http://TriTrypDB.org/common/downloads/Current_Release/LdonovaniLV9/gff/data/TriTrypDB-68_LdonovaniLV9.gff","no","TriTrypDB","36","0","108","N/A","N/A","N/A","N/A","Sanger","Feb 27, 2019","   34.82","Sanger","Feb 27, 2019","no","Leishmania donovani strain LV9","Leishmania donovani","5661","strain LV9","N/A","http://TriTrypDB.org/common/downloads/Current_Release/LdonovaniLV9/fasta/data/TriTrypDB-68_LdonovaniLV9_CDs.fasta","http://TriTrypDB.org/common/downloads/Current_Release/LdonovaniLV9/fasta/data/TriTrypDB-68_LdonovaniLV9_Genome.fasta","http://TriTrypDB.org/common/downloads/Current_Release/LdonovaniLV9/fasta/data/TriTrypDB-68_LdonovaniLV9_AnnotatedProteins.fasta","http://TriTrypDB.org/common/downloads/Current_Release/LdonovaniLV9/fasta/data/TriTrypDB-68_LdonovaniLV9_AnnotatedTranscripts.fasta","N/A","N/A","N/A","8387","3106","N/A","142","7413","36479","8245","N/A","832","N/A","N/A","N/A","N/A","5"
"http://TriTrypDB.org/common/downloads/Current_Release/LenriettiiLEM3045/gff/data/TriTrypDB-68_LenriettiiLEM3045.gff","no","TriTrypDB","36","459","0","Apollo","C:  99.2%[S:  99.2%,D:   0.0%],F:   0.8%,M:   0.0%,n:130","euglenozoa_odb10","C:  98.5%[S:  98.5%,D:   0.0%],F:   0.8%,M:   0.8%,n:130","GenBank","GCA_000410755.2","   30.76","GeneDB","Dec 16, 2014","yes","Leishmania enriettii strain LEM3045","Leishmania enriettii","5663","strain LEM3045","N/A","http://TriTrypDB.org/common/downloads/Current_Release/LenriettiiLEM3045/fasta/data/TriTrypDB-68_LenriettiiLEM3045_CDs.fasta","http://TriTrypDB.org/common/downloads/Current_Release/LenriettiiLEM3045/fasta/data/TriTrypDB-68_LenriettiiLEM3045_Genome.fasta","http://TriTrypDB.org/common/downloads/Current_Release/LenriettiiLEM3045/fasta/data/TriTrypDB-68_LenriettiiLEM3045_AnnotatedProteins.fasta","http://TriTrypDB.org/common/downloads/Current_Release/LenriettiiLEM3045/fasta/data/TriTrypDB-68_LenriettiiLEM3045_AnnotatedTranscripts.fasta","N/A","61","N/A","8831","3994","N/A","100","8731","35002","8731","N/A","0","N/A","N/A","N/A","N/A","13"
"http://TriTrypDB.org/common/downloads/Current_Release/LenriettiMCAVBR2001CUR178/gff/data/TriTrypDB-68_LenriettiMCAVBR2001CUR178.gff","no","TriTrypDB","36","18","0","N/A","C:  99.2%[S:  99.2%,D:   0.0%],F:   0.0%,M:   0.8%,n:130","euglenozoa_odb10","C:  98.5%[S:  98.5%,D:   0.0%],F:   0.0%,M:   1.5%,n:130","INSDC","GCA_017916305.1","   33.32","GenBank","Apr 15, 2021","no","Leishmania enriettii MCAV/BR/2001/CUR178","Leishmania enriettii","5663","MCAV/BR/2001/CUR178","N/A","http://TriTrypDB.org/common/downloads/Current_Release/LenriettiMCAVBR2001CUR178/fasta/data/TriTrypDB-68_LenriettiMCAVBR2001CUR178_CDs.fasta","http://TriTrypDB.org/common/downloads/Current_Release/LenriettiMCAVBR2001CUR178/fasta/data/TriTrypDB-68_LenriettiMCAVBR2001CUR178_Genome.fasta","http://TriTrypDB.org/common/downloads/Current_Release/LenriettiMCAVBR2001CUR178/fasta/data/TriTrypDB-68_LenriettiMCAVBR2001CUR178_AnnotatedProteins.fasta","http://TriTrypDB.org/common/downloads/Current_Release/LenriettiMCAVBR2001CUR178/fasta/data/TriTrypDB-68_LenriettiMCAVBR2001CUR178_AnnotatedTranscripts.fasta","N/A","10","N/A","8353","18","N/A","0","8353","29917","8353","N/A","0","N/A","N/A","N/A","N/A","N/A"
"http://TriTrypDB.org/common/downloads/Current_Release/LgerbilliLEM452/gff/data/TriTrypDB-68_LgerbilliLEM452.gff","no","TriTrypDB","36","106","0","Apollo","C: 100.0%[S: 100.0%,D:   0.0%],F:   0.0%,M:   0.0%,n:130","euglenozoa_odb10","C: 100.0%[S: 100.0%,D:   0.0%],F:   0.0%,M:   0.0%,n:130","GenBank","GCA_000443025.1","   31.29","GeneDB","Dec 16, 2014","yes","Leishmania gerbilli strain LEM452","Leishmania gerbilli","40285","strain LEM452","N/A","http://TriTrypDB.org/common/downloads/Current_Release/LgerbilliLEM452/fasta/data/TriTrypDB-68_LgerbilliLEM452_CDs.fasta","http://TriTrypDB.org/common/downloads/Current_Release/LgerbilliLEM452/fasta/data/TriTrypDB-68_LgerbilliLEM452_Genome.fasta","http://TriTrypDB.org/common/downloads/Current_Release/LgerbilliLEM452/fasta/data/TriTrypDB-68_LgerbilliLEM452_AnnotatedProteins.fasta","http://TriTrypDB.org/common/downloads/Current_Release/LgerbilliLEM452/fasta/data/TriTrypDB-68_LgerbilliLEM452_AnnotatedTranscripts.fasta","N/A","46","N/A","8700","4019","N/A","101","8599","31843","8599","N/A","0","N/A","N/A","N/A","N/A","12"
"http://TriTrypDB.org/common/downloads/Current_Release/LmajorFriedlin2021/gff/data/TriTrypDB-68_LmajorFriedlin2021.gff","no","TriTrypDB","36","0","0","N/A","C: 100.0%[S: 100.0%,D:   0.0%],F:   0.0%,M:   0.0%,n:130","euglenozoa_odb10","C: 100.0%[S: 100.0%,D:   0.0%],F:   0.0%,M:   0.0%,n:130","INSDC","GCA_916722125.1","   32.80","GenBank","Oct 03, 2021","no","Leishmania major Friedlin 2021","Leishmania major","5664","Friedlin 2021","N/A","http://TriTrypDB.org/common/downloads/Current_Release/LmajorFriedlin2021/fasta/data/TriTrypDB-68_LmajorFriedlin2021_CDs.fasta","http://TriTrypDB.org/common/downloads/Current_Release/LmajorFriedlin2021/fasta/data/TriTrypDB-68_LmajorFriedlin2021_Genome.fasta","http://TriTrypDB.org/common/downloads/Current_Release/LmajorFriedlin2021/fasta/data/TriTrypDB-68_LmajorFriedlin2021_AnnotatedProteins.fasta","http://TriTrypDB.org/common/downloads/Current_Release/LmajorFriedlin2021/fasta/data/TriTrypDB-68_LmajorFriedlin2021_AnnotatedTranscripts.fasta","N/A","40","928","11242","4057","N/A","2734","8508","43798","8508","N/A","91","N/A","N/A","N/A","N/A","N/A"
"http://TriTrypDB.org/common/downloads/Current_Release/LmartiniquensisLEM2494/gff/data/TriTrypDB-68_LmartiniquensisLEM2494.gff","no","TriTrypDB","36","215","0","Apollo","C: 100.0%[S:  99.2%,D:   0.8%],F:   0.0%,M:   0.0%,n:130","euglenozoa_odb10","C: 100.0%[S:  99.2%,D:   0.8%],F:   0.0%,M:   0.0%,n:130","GenBank","GCA_000409445.2","   30.81","GeneDB","Dec 16, 2014","yes","Leishmania martiniquensis LEM2494","Leishmania martiniquensis","1580590","LEM2494","N/A","http://TriTrypDB.org/common/downloads/Current_Release/LmartiniquensisLEM2494/fasta/data/TriTrypDB-68_LmartiniquensisLEM2494_CDs.fasta","http://TriTrypDB.org/common/downloads/Current_Release/LmartiniquensisLEM2494/fasta/data/TriTrypDB-68_LmartiniquensisLEM2494_Genome.fasta","http://TriTrypDB.org/common/downloads/Current_Release/LmartiniquensisLEM2494/fasta/data/TriTrypDB-68_LmartiniquensisLEM2494_AnnotatedProteins.fasta","http://TriTrypDB.org/common/downloads/Current_Release/LmartiniquensisLEM2494/fasta/data/TriTrypDB-68_LmartiniquensisLEM2494_AnnotatedTranscripts.fasta","N/A","41","N/A","8581","3998","N/A","98","8483","30972","8483","N/A","0","N/A","N/A","N/A","N/A","12"
"http://TriTrypDB.org/common/downloads/Current_Release/LmartiniquensisMHOMTH2012LSCM1/gff/data/TriTrypDB-68_LmartiniquensisMHOMTH2012LSCM1.gff","no","TriTrypDB","36","6","0","N/A","C: 100.0%[S: 100.0%,D:   0.0%],F:   0.0%,M:   0.0%,n:130","euglenozoa_odb10","C: 100.0%[S: 100.0%,D:   0.0%],F:   0.0%,M:   0.0%,n:130","INSDC","GCA_017916325.1","   32.41","GenBank","Jun 02, 2021","no","Leishmania martiniquensis MHOM/TH/2012/LSCM1","Leishmania martiniquensis","1580590","MHOM/TH/2012/LSCM1","N/A","http://TriTrypDB.org/common/downloads/Current_Release/LmartiniquensisMHOMTH2012LSCM1/fasta/data/TriTrypDB-68_LmartiniquensisMHOMTH2012LSCM1_CDs.fasta","http://TriTrypDB.org/common/downloads/Current_Release/LmartiniquensisMHOMTH2012LSCM1/fasta/data/TriTrypDB-68_LmartiniquensisMHOMTH2012LSCM1_Genome.fasta","http://TriTrypDB.org/common/downloads/Current_Release/LmartiniquensisMHOMTH2012LSCM1/fasta/data/TriTrypDB-68_LmartiniquensisMHOMTH2012LSCM1_AnnotatedProteins.fasta","http://TriTrypDB.org/common/downloads/Current_Release/LmartiniquensisMHOMTH2012LSCM1/fasta/data/TriTrypDB-68_LmartiniquensisMHOMTH2012LSCM1_AnnotatedTranscripts.fasta","N/A","2","N/A","7967","8","N/A","0","7967","28492","7967","N/A","0","N/A","N/A","N/A","N/A","N/A"
"http://TriTrypDB.org/common/downloads/Current_Release/LorientalisMHOMTH2014LSCM4/gff/data/TriTrypDB-68_LorientalisMHOMTH2014LSCM4.gff","no","TriTrypDB","36","62","0","Apollo","C: 100.0%[S: 100.0%,D:   0.0%],F:   0.0%,M:   0.0%,n:130","euglenozoa_odb10","C:  99.2%[S:  99.2%,D:   0.0%],F:   0.8%,M:   0.0%,n:130","INSDC","GCA_017916335.1","   34.19","GenBank","Apr 15, 2021","yes","Leishmania orientalis MHOM/TH/2014/LSCM4","Leishmania orientalis","2249476","MHOM/TH/2014/LSCM4","N/A","http://TriTrypDB.org/common/downloads/Current_Release/LorientalisMHOMTH2014LSCM4/fasta/data/TriTrypDB-68_LorientalisMHOMTH2014LSCM4_CDs.fasta","http://TriTrypDB.org/common/downloads/Current_Release/LorientalisMHOMTH2014LSCM4/fasta/data/TriTrypDB-68_LorientalisMHOMTH2014LSCM4_Genome.fasta","http://TriTrypDB.org/common/downloads/Current_Release/LorientalisMHOMTH2014LSCM4/fasta/data/TriTrypDB-68_LorientalisMHOMTH2014LSCM4_AnnotatedProteins.fasta","http://TriTrypDB.org/common/downloads/Current_Release/LorientalisMHOMTH2014LSCM4/fasta/data/TriTrypDB-68_LorientalisMHOMTH2014LSCM4_AnnotatedTranscripts.fasta","N/A","1","N/A","8158","23","N/A","0","8158","28886","8158","N/A","0","N/A","N/A","N/A","N/A","N/A"
"http://TriTrypDB.org/common/downloads/Current_Release/LpanamensisMHOMPA94PSC1/gff/data/TriTrypDB-68_LpanamensisMHOMPA94PSC1.gff","no","TriTrypDB","35","0","0","N/A","C: 100.0%[S: 100.0%,D:   0.0%],F:   0.0%,M:   0.0%,n:130","euglenozoa_odb10","C: 100.0%[S: 100.0%,D:   0.0%],F:   0.0%,M:   0.0%,n:130","GenBank","GCA_000755165.1","   30.69","GenBank","Mar 05, 2015","no","Leishmania panamensis strain MHOM/PA/94/PSC-1","Leishmania panamensis","5679","strain MHOM/PA/94/PSC-1","N/A","http://TriTrypDB.org/common/downloads/Current_Release/LpanamensisMHOMPA94PSC1/fasta/data/TriTrypDB-68_LpanamensisMHOMPA94PSC1_CDs.fasta","http://TriTrypDB.org/common/downloads/Current_Release/LpanamensisMHOMPA94PSC1/fasta/data/TriTrypDB-68_LpanamensisMHOMPA94PSC1_Genome.fasta","http://TriTrypDB.org/common/downloads/Current_Release/LpanamensisMHOMPA94PSC1/fasta/data/TriTrypDB-68_LpanamensisMHOMPA94PSC1_AnnotatedProteins.fasta","http://TriTrypDB.org/common/downloads/Current_Release/LpanamensisMHOMPA94PSC1/fasta/data/TriTrypDB-68_LpanamensisMHOMPA94PSC1_AnnotatedTranscripts.fasta","N/A","1234","N/A","8048","4629","N/A","337","7711","39469","7711","N/A","185","N/A","N/A","N/A","N/A","1"
"http://TriTrypDB.org/common/downloads/Current_Release/LpyrrhocorisH10/gff/data/TriTrypDB-68_LpyrrhocorisH10.gff","no","TriTrypDB","35","25","0","Apollo","C: 100.0%[S: 100.0%,D:   0.0%],F:   0.0%,M:   0.0%,n:130","euglenozoa_odb10","C: 100.0%[S:  99.2%,D:   0.8%],F:   0.0%,M:   0.0%,n:130","GenBank","GCA_001293395.1","   30.38","LukesLab","May 05, 2015","yes","Leptomonas pyrrhocoris H10","Leptomonas pyrrhocoris","157538","H10","N/A","http://TriTrypDB.org/common/downloads/Current_Release/LpyrrhocorisH10/fasta/data/TriTrypDB-68_LpyrrhocorisH10_CDs.fasta","http://TriTrypDB.org/common/downloads/Current_Release/LpyrrhocorisH10/fasta/data/TriTrypDB-68_LpyrrhocorisH10_Genome.fasta","http://TriTrypDB.org/common/downloads/Current_Release/LpyrrhocorisH10/fasta/data/TriTrypDB-68_LpyrrhocorisH10_AnnotatedProteins.fasta","http://TriTrypDB.org/common/downloads/Current_Release/LpyrrhocorisH10/fasta/data/TriTrypDB-68_LpyrrhocorisH10_AnnotatedTranscripts.fasta","N/A","5","N/A","10148","5819","N/A","270","9878","38059","9878","N/A","0","10148","N/A","N/A","N/A","8"
"http://TriTrypDB.org/common/downloads/Current_Release/LseymouriATCC30220/gff/data/TriTrypDB-68_LseymouriATCC30220.gff","no","TriTrypDB","0","0","1222","Apollo","C: 100.0%[S: 100.0%,D:   0.0%],F:   0.0%,M:   0.0%,n:130","euglenozoa_odb10","C:  99.2%[S:  99.2%,D:   0.0%],F:   0.8%,M:   0.0%,n:130","GenBank","GCA_001299535.1","   27.80","YurchenkoLab","May 06, 2015","yes","Leptomonas seymouri ATCC 30220","Leptomonas seymouri","5684","ATCC 30220","N/A","http://TriTrypDB.org/common/downloads/Current_Release/LseymouriATCC30220/fasta/data/TriTrypDB-68_LseymouriATCC30220_CDs.fasta","http://TriTrypDB.org/common/downloads/Current_Release/LseymouriATCC30220/fasta/data/TriTrypDB-68_LseymouriATCC30220_Genome.fasta","http://TriTrypDB.org/common/downloads/Current_Release/LseymouriATCC30220/fasta/data/TriTrypDB-68_LseymouriATCC30220_AnnotatedProteins.fasta","http://TriTrypDB.org/common/downloads/Current_Release/LseymouriATCC30220/fasta/data/TriTrypDB-68_LseymouriATCC30220_AnnotatedTranscripts.fasta","N/A","1","N/A","8595","4814","N/A","107","8488","36093","8488","N/A","0","8595","N/A","N/A","N/A","3"
"http://TriTrypDB.org/common/downloads/Current_Release/Lsp.GhanaMHOMGH2012GH5/gff/data/TriTrypDB-68_Lsp.GhanaMHOMGH2012GH5.gff","no","TriTrypDB","36","80","0","Apollo","C: 100.0%[S: 100.0%,D:   0.0%],F:   0.0%,M:   0.0%,n:130","euglenozoa_odb10","C:  96.9%[S:  96.9%,D:   0.0%],F:   0.0%,M:   3.1%,n:130","INSDC","GCA_017918215.1","   35.95","GenBank","Apr 15, 2021","yes","Leishmania sp. Ghana MHOM/GH/2012/GH5","Leishmania sp. Ghana","2803181","MHOM/GH/2012/GH5","N/A","http://TriTrypDB.org/common/downloads/Current_Release/Lsp.GhanaMHOMGH2012GH5/fasta/data/TriTrypDB-68_Lsp.GhanaMHOMGH2012GH5_CDs.fasta","http://TriTrypDB.org/common/downloads/Current_Release/Lsp.GhanaMHOMGH2012GH5/fasta/data/TriTrypDB-68_Lsp.GhanaMHOMGH2012GH5_Genome.fasta","http://TriTrypDB.org/common/downloads/Current_Release/Lsp.GhanaMHOMGH2012GH5/fasta/data/TriTrypDB-68_Lsp.GhanaMHOMGH2012GH5_AnnotatedProteins.fasta","http://TriTrypDB.org/common/downloads/Current_Release/Lsp.GhanaMHOMGH2012GH5/fasta/data/TriTrypDB-68_Lsp.GhanaMHOMGH2012GH5_AnnotatedTranscripts.fasta","N/A","N/A","N/A","8119","23","N/A","0","8119","27471","8119","N/A","0","N/A","N/A","N/A","N/A","N/A"
"http://TriTrypDB.org/common/downloads/Current_Release/Lsp.NamibiaMPRONA1975252LV425/gff/data/TriTrypDB-68_Lsp.NamibiaMPRONA1975252LV425.gff","no","TriTrypDB","36","31","0","Apollo","C: 100.0%[S: 100.0%,D:   0.0%],F:   0.0%,M:   0.0%,n:130","euglenozoa_odb10","C:  99.2%[S:  99.2%,D:   0.0%],F:   0.0%,M:   0.8%,n:130","INSDC","GCA_017918225.1","   34.12","GenBank","Apr 15, 2021","yes","Leishmania sp. Namibia MPRO/NA/1975/252/LV425","Leishmania sp. Namibia","2802991","MPRO/NA/1975/252/LV425","N/A","http://TriTrypDB.org/common/downloads/Current_Release/Lsp.NamibiaMPRONA1975252LV425/fasta/data/TriTrypDB-68_Lsp.NamibiaMPRONA1975252LV425_CDs.fasta","http://TriTrypDB.org/common/downloads/Current_Release/Lsp.NamibiaMPRONA1975252LV425/fasta/data/TriTrypDB-68_Lsp.NamibiaMPRONA1975252LV425_Genome.fasta","http://TriTrypDB.org/common/downloads/Current_Release/Lsp.NamibiaMPRONA1975252LV425/fasta/data/TriTrypDB-68_Lsp.NamibiaMPRONA1975252LV425_AnnotatedProteins.fasta","http://TriTrypDB.org/common/downloads/Current_Release/Lsp.NamibiaMPRONA1975252LV425/fasta/data/TriTrypDB-68_Lsp.NamibiaMPRONA1975252LV425_AnnotatedTranscripts.fasta","N/A","N/A","N/A","8266","20","N/A","0","8266","29731","8266","N/A","0","N/A","N/A","N/A","N/A","N/A"
"http://TriTrypDB.org/common/downloads/Current_Release/LtarentolaeParrotTarII/gff/data/TriTrypDB-68_LtarentolaeParrotTarII.gff","no","TriTrypDB","36","4","1311","Apollo","N/A","N/A","N/A","CorbeilLab","Jun 22, 2011","   31.63","CorbeilLab","Jun 22, 2011","yes","Leishmania tarentolae Parrot-TarII","Leishmania tarentolae","5689","Parrot-TarII","N/A","http://TriTrypDB.org/common/downloads/Current_Release/LtarentolaeParrotTarII/fasta/data/TriTrypDB-68_LtarentolaeParrotTarII_CDs.fasta","http://TriTrypDB.org/common/downloads/Current_Release/LtarentolaeParrotTarII/fasta/data/TriTrypDB-68_LtarentolaeParrotTarII_Genome.fasta","http://TriTrypDB.org/common/downloads/Current_Release/LtarentolaeParrotTarII/fasta/data/TriTrypDB-68_LtarentolaeParrotTarII_AnnotatedProteins.fasta","http://TriTrypDB.org/common/downloads/Current_Release/LtarentolaeParrotTarII/fasta/data/TriTrypDB-68_LtarentolaeParrotTarII_AnnotatedTranscripts.fasta","N/A","N/A","N/A","8530","3337","N/A","78","8452","35185","8452","N/A","0","N/A","N/A","N/A","N/A","39"
"http://TriTrypDB.org/common/downloads/Current_Release/LtarentolaeParrotTarII2019/gff/data/TriTrypDB-68_LtarentolaeParrotTarII2019.gff","no","TriTrypDB","0","179","0","N/A","C:  99.2%[S:  98.5%,D:   0.8%],F:   0.0%,M:   0.8%,n:130","euglenozoa_odb10","C:  99.2%[S:  98.5%,D:   0.8%],F:   0.0%,M:   0.8%,n:130","INSDC","GCA_009731335.1","   35.42","N/A","N/A","no","Leishmania tarentolae Parrot Tar II 2019","Leishmania tarentolae","5689","Parrot Tar II 2019","N/A","http://TriTrypDB.org/common/downloads/Current_Release/LtarentolaeParrotTarII2019/fasta/data/TriTrypDB-68_LtarentolaeParrotTarII2019_CDs.fasta","http://TriTrypDB.org/common/downloads/Current_Release/LtarentolaeParrotTarII2019/fasta/data/TriTrypDB-68_LtarentolaeParrotTarII2019_Genome.fasta","http://TriTrypDB.org/common/downloads/Current_Release/LtarentolaeParrotTarII2019/fasta/data/TriTrypDB-68_LtarentolaeParrotTarII2019_AnnotatedProteins.fasta","http://TriTrypDB.org/common/downloads/Current_Release/LtarentolaeParrotTarII2019/fasta/data/TriTrypDB-68_LtarentolaeParrotTarII2019_AnnotatedTranscripts.fasta","N/A","531","N/A","8703","5048","N/A","0","8703","29482","8703","N/A","0","N/A","N/A","N/A","N/A","N/A"
"http://TriTrypDB.org/common/downloads/Current_Release/LturanicaLEM423/gff/data/TriTrypDB-68_LturanicaLEM423.gff","no","TriTrypDB","36","183","0","Apollo","C: 100.0%[S: 100.0%,D:   0.0%],F:   0.0%,M:   0.0%,n:130","euglenozoa_odb10","C: 100.0%[S: 100.0%,D:   0.0%],F:   0.0%,M:   0.0%,n:130","GenBank","GCA_000441995.1","   31.51","GeneDB","Dec 16, 2014","yes","Leishmania turanica strain LEM423","Leishmania turanica","62297","strain LEM423","N/A","http://TriTrypDB.org/common/downloads/Current_Release/LturanicaLEM423/fasta/data/TriTrypDB-68_LturanicaLEM423_CDs.fasta","http://TriTrypDB.org/common/downloads/Current_Release/LturanicaLEM423/fasta/data/TriTrypDB-68_LturanicaLEM423_Genome.fasta","http://TriTrypDB.org/common/downloads/Current_Release/LturanicaLEM423/fasta/data/TriTrypDB-68_LturanicaLEM423_AnnotatedProteins.fasta","http://TriTrypDB.org/common/downloads/Current_Release/LturanicaLEM423/fasta/data/TriTrypDB-68_LturanicaLEM423_AnnotatedTranscripts.fasta","N/A","42","N/A","8717","3997","N/A","109","8608","31858","8608","N/A","0","N/A","N/A","N/A","N/A","9"
"http://TriTrypDB.org/common/downloads/Current_Release/PconfusumCUL13/gff/data/TriTrypDB-68_PconfusumCUL13.gff","no","TriTrypDB","0","266","1922","Apollo","C:  96.9%[S:  96.9%,D:   0.0%],F:   2.3%,M:   0.8%,n:130","euglenozoa_odb10","C:  96.2%[S:  96.2%,D:   0.0%],F:   2.3%,M:   1.5%,n:130","GenBank","GCA_002921335.1","   27.58","FlegontovLab","Mar 02, 2018","yes","Paratrypanosoma confusum CUL13","Paratrypanosoma confusum","1470209","CUL13","N/A","http://TriTrypDB.org/common/downloads/Current_Release/PconfusumCUL13/fasta/data/TriTrypDB-68_PconfusumCUL13_CDs.fasta","http://TriTrypDB.org/common/downloads/Current_Release/PconfusumCUL13/fasta/data/TriTrypDB-68_PconfusumCUL13_Genome.fasta","http://TriTrypDB.org/common/downloads/Current_Release/PconfusumCUL13/fasta/data/TriTrypDB-68_PconfusumCUL13_AnnotatedProteins.fasta","http://TriTrypDB.org/common/downloads/Current_Release/PconfusumCUL13/fasta/data/TriTrypDB-68_PconfusumCUL13_AnnotatedTranscripts.fasta","N/A","51","N/A","8659","3745","N/A","0","8659","25317","8659","N/A","0","N/A","N/A","N/A","N/A","2"
"http://TriTrypDB.org/common/downloads/Current_Release/PhertigiMCOEPA1965C119/gff/data/TriTrypDB-68_PhertigiMCOEPA1965C119.gff","no","TriTrypDB","36","38","0","Apollo","C: 100.0%[S:  99.2%,D:   0.8%],F:   0.0%,M:   0.0%,n:130","euglenozoa_odb10","C:  98.5%[S:  96.9%,D:   1.5%],F:   0.0%,M:   1.5%,n:130","INSDC","GCA_017918235.1","   34.96","GenBank","Apr 15, 2021","yes","Porcisia hertigi MCOE/PA/1965/C119","Porcisia hertigi","2761500","MCOE/PA/1965/C119","N/A","http://TriTrypDB.org/common/downloads/Current_Release/PhertigiMCOEPA1965C119/fasta/data/TriTrypDB-68_PhertigiMCOEPA1965C119_CDs.fasta","http://TriTrypDB.org/common/downloads/Current_Release/PhertigiMCOEPA1965C119/fasta/data/TriTrypDB-68_PhertigiMCOEPA1965C119_Genome.fasta","http://TriTrypDB.org/common/downloads/Current_Release/PhertigiMCOEPA1965C119/fasta/data/TriTrypDB-68_PhertigiMCOEPA1965C119_AnnotatedProteins.fasta","http://TriTrypDB.org/common/downloads/Current_Release/PhertigiMCOEPA1965C119/fasta/data/TriTrypDB-68_PhertigiMCOEPA1965C119_AnnotatedTranscripts.fasta","N/A","N/A","N/A","7891","15","N/A","0","7891","28175","7891","N/A","0","7891","N/A","N/A","N/A","N/A"
"http://TriTrypDB.org/common/downloads/Current_Release/TbruceiEATRO1125/gff/data/TriTrypDB-68_TbruceiEATRO1125.gff","no","TriTrypDB","11","0","685","N/A","C:  99.2%[S:  98.5%,D:   0.8%],F:   0.8%,M:   0.0%,n:130","euglenozoa_odb10","C:  96.2%[S:  96.2%,D:   0.0%],F:   0.0%,M:   3.8%,n:130","INSDC","GCA_019096175.1","   64.11","RoditiLab","Aug 27, 2021","no","Trypanosoma brucei EATRO1125","Trypanosoma brucei","5691","EATRO1125","N/A","http://TriTrypDB.org/common/downloads/Current_Release/TbruceiEATRO1125/fasta/data/TriTrypDB-68_TbruceiEATRO1125_CDs.fasta","http://TriTrypDB.org/common/downloads/Current_Release/TbruceiEATRO1125/fasta/data/TriTrypDB-68_TbruceiEATRO1125_Genome.fasta","http://TriTrypDB.org/common/downloads/Current_Release/TbruceiEATRO1125/fasta/data/TriTrypDB-68_TbruceiEATRO1125_AnnotatedProteins.fasta","http://TriTrypDB.org/common/downloads/Current_Release/TbruceiEATRO1125/fasta/data/TriTrypDB-68_TbruceiEATRO1125_AnnotatedTranscripts.fasta","N/A","34","1359","10890","3956","N/A","2680","8210","33962","8210","N/A","2138","N/A","N/A","N/A","N/A","4"
"http://TriTrypDB.org/common/downloads/Current_Release/TbruceiLister427/gff/data/TriTrypDB-68_TbruceiLister427.gff","no","TriTrypDB","11","0","21","N/A","N/A","N/A","N/A","GeneDB","Jan 16, 2013","   26.75","GeneDB","Jan 16, 2013","no","Trypanosoma brucei Lister strain 427","Trypanosoma brucei","5691","Lister strain 427","N/A","http://TriTrypDB.org/common/downloads/Current_Release/TbruceiLister427/fasta/data/TriTrypDB-68_TbruceiLister427_CDs.fasta","http://TriTrypDB.org/common/downloads/Current_Release/TbruceiLister427/fasta/data/TriTrypDB-68_TbruceiLister427_Genome.fasta","http://TriTrypDB.org/common/downloads/Current_Release/TbruceiLister427/fasta/data/TriTrypDB-68_TbruceiLister427_AnnotatedProteins.fasta","http://TriTrypDB.org/common/downloads/Current_Release/TbruceiLister427/fasta/data/TriTrypDB-68_TbruceiLister427_AnnotatedTranscripts.fasta","N/A","829","1023","9313","3554","N/A","469","8314","33649","8844","N/A","530","N/A","N/A","N/A","N/A","521"
"http://TriTrypDB.org/common/downloads/Current_Release/TbruceiLister427_2018/gff/data/TriTrypDB-68_TbruceiLister427_2018.gff","no","TriTrypDB","44","0","272","Apollo","C:  99.2%[S:  99.2%,D:   0.0%],F:   0.8%,M:   0.0%,n:130","euglenozoa_odb10","C:  97.7%[S:  97.7%,D:   0.0%],F:   0.0%,M:   2.3%,n:130","GenBank","GCA_900497135.1","   50.08","SiegelLab","Dec 17, 2018","no","Trypanosoma brucei Lister strain 427 2018","Trypanosoma brucei","5691","Lister strain 427 2018","N/A","http://TriTrypDB.org/common/downloads/Current_Release/TbruceiLister427_2018/fasta/data/TriTrypDB-68_TbruceiLister427_2018_CDs.fasta","http://TriTrypDB.org/common/downloads/Current_Release/TbruceiLister427_2018/fasta/data/TriTrypDB-68_TbruceiLister427_2018_Genome.fasta","http://TriTrypDB.org/common/downloads/Current_Release/TbruceiLister427_2018/fasta/data/TriTrypDB-68_TbruceiLister427_2018_AnnotatedProteins.fasta","http://TriTrypDB.org/common/downloads/Current_Release/TbruceiLister427_2018/fasta/data/TriTrypDB-68_TbruceiLister427_2018_AnnotatedTranscripts.fasta","N/A","34","1057","17243","4830","N/A","5855","11388","41003","11388","N/A","5481","N/A","N/A","N/A","N/A","20"
"http://TriTrypDB.org/common/downloads/Current_Release/TcongolenseIL3000_2019/gff/data/TriTrypDB-68_TcongolenseIL3000_2019.gff","no","TriTrypDB","11","0","364","N/A","C:  90.8%[S:  89.2%,D:   1.5%],F:   8.5%,M:   0.8%,n:130","euglenozoa_odb10","C:  67.7%[S:  66.9%,D:   0.8%],F:   4.6%,M:  27.7%,n:130","GenBank","GCA_003013265.1","   39.17","Liverpool","Sep 10, 2019","no","Trypanosoma congolense IL3000 2019","Trypanosoma congolense","5692","IL3000 2019","N/A","http://TriTrypDB.org/common/downloads/Current_Release/TcongolenseIL3000_2019/fasta/data/TriTrypDB-68_TcongolenseIL3000_2019_CDs.fasta","http://TriTrypDB.org/common/downloads/Current_Release/TcongolenseIL3000_2019/fasta/data/TriTrypDB-68_TcongolenseIL3000_2019_Genome.fasta","http://TriTrypDB.org/common/downloads/Current_Release/TcongolenseIL3000_2019/fasta/data/TriTrypDB-68_TcongolenseIL3000_2019_AnnotatedProteins.fasta","http://TriTrypDB.org/common/downloads/Current_Release/TcongolenseIL3000_2019/fasta/data/TriTrypDB-68_TcongolenseIL3000_2019_AnnotatedTranscripts.fasta","N/A","749","4257","10315","3200","N/A","2293","8022","33296","8022","N/A","2028","N/A","N/A","N/A","N/A","1011"
"http://TriTrypDB.org/common/downloads/Current_Release/TcongolenseTc1_148/gff/data/TriTrypDB-68_TcongolenseTc1_148.gff","no","TriTrypDB","0","536","0","N/A","C:  85.4%[S:  83.1%,D:   2.3%],F:  10.8%,M:   3.8%,n:130","euglenozoa_odb10","N/A","INSDC","GCA_002287245.1","   41.23","N/A","N/A","no","Trypanosoma congolense Tc1/148","Trypanosoma congolense","5692","Tc1/148","N/A","http://TriTrypDB.org/common/downloads/Current_Release/TcongolenseTc1_148/fasta/data/TriTrypDB-68_TcongolenseTc1_148_CDs.fasta","http://TriTrypDB.org/common/downloads/Current_Release/TcongolenseTc1_148/fasta/data/TriTrypDB-68_TcongolenseTc1_148_Genome.fasta","http://TriTrypDB.org/common/downloads/Current_Release/TcongolenseTc1_148/fasta/data/TriTrypDB-68_TcongolenseTc1_148_AnnotatedProteins.fasta","http://TriTrypDB.org/common/downloads/Current_Release/TcongolenseTc1_148/fasta/data/TriTrypDB-68_TcongolenseTc1_148_AnnotatedTranscripts.fasta","N/A","N/A","N/A","N/A","N/A","N/A","0","N/A","N/A","0","N/A","0","N/A","N/A","N/A","N/A","N/A"
"http://TriTrypDB.org/common/downloads/Current_Release/Tcruzi231/gff/data/TriTrypDB-68_Tcruzi231.gff","no","TriTrypDB","0","0","8469","N/A","C:  97.7%[S:  97.7%,D:   0.0%],F:   2.3%,M:   0.0%,n:130","euglenozoa_odb10","N/A","GenBank","GCA_900252365.1","   35.36","n/a","n/a","no","Trypanosoma cruzi strain 231","Trypanosoma cruzi","5693","strain 231","N/A","http://TriTrypDB.org/common/downloads/Current_Release/Tcruzi231/fasta/data/TriTrypDB-68_Tcruzi231_CDs.fasta","http://TriTrypDB.org/common/downloads/Current_Release/Tcruzi231/fasta/data/TriTrypDB-68_Tcruzi231_Genome.fasta","http://TriTrypDB.org/common/downloads/Current_Release/Tcruzi231/fasta/data/TriTrypDB-68_Tcruzi231_AnnotatedProteins.fasta","http://TriTrypDB.org/common/downloads/Current_Release/Tcruzi231/fasta/data/TriTrypDB-68_Tcruzi231_AnnotatedTranscripts.fasta","N/A","N/A","N/A","N/A","N/A","N/A","0","N/A","N/A","0","N/A","0","N/A","N/A","N/A","N/A","N/A"
"http://TriTrypDB.org/common/downloads/Current_Release/TcruziBerenice/gff/data/TriTrypDB-68_TcruziBerenice.gff","no","TriTrypDB","0","923","0","N/A","C:  98.5%[S:  98.5%,D:   0.0%],F:   0.8%,M:   0.8%,n:130","euglenozoa_odb10","C:  98.5%[S:  98.5%,D:   0.0%],F:   0.0%,M:   1.5%,n:130","INSDC","GCA_013358655.1","   40.80","GenBank","Jun 18, 2020","no","Trypanosoma cruzi Berenice","Trypanosoma cruzi","5693","Berenice","N/A","http://TriTrypDB.org/common/downloads/Current_Release/TcruziBerenice/fasta/data/TriTrypDB-68_TcruziBerenice_CDs.fasta","http://TriTrypDB.org/common/downloads/Current_Release/TcruziBerenice/fasta/data/TriTrypDB-68_TcruziBerenice_Genome.fasta","http://TriTrypDB.org/common/downloads/Current_Release/TcruziBerenice/fasta/data/TriTrypDB-68_TcruziBerenice_AnnotatedProteins.fasta","http://TriTrypDB.org/common/downloads/Current_Release/TcruziBerenice/fasta/data/TriTrypDB-68_TcruziBerenice_AnnotatedTranscripts.fasta","N/A","921","1567","14352","6996","N/A","1045","13307","38998","13307","N/A","599","N/A","N/A","N/A","N/A","N/A"
"http://TriTrypDB.org/common/downloads/Current_Release/TcruziBrazilA4/gff/data/TriTrypDB-68_TcruziBrazilA4.gff","no","TriTrypDB","43","0","359","N/A","C:  99.2%[S:  99.2%,D:   0.0%],F:   0.8%,M:   0.0%,n:130","euglenozoa_odb10","C: 100.0%[S:  99.2%,D:   0.8%],F:   0.0%,M:   0.0%,n:130","GenBank","GCA_015033625.1","   45.56","TarletonLab","Aug 26, 2019","no","Trypanosoma cruzi Brazil A4","Trypanosoma cruzi","5693","Brazil A4","N/A","http://TriTrypDB.org/common/downloads/Current_Release/TcruziBrazilA4/fasta/data/TriTrypDB-68_TcruziBrazilA4_CDs.fasta","http://TriTrypDB.org/common/downloads/Current_Release/TcruziBrazilA4/fasta/data/TriTrypDB-68_TcruziBrazilA4_Genome.fasta","http://TriTrypDB.org/common/downloads/Current_Release/TcruziBrazilA4/fasta/data/TriTrypDB-68_TcruziBrazilA4_AnnotatedProteins.fasta","http://TriTrypDB.org/common/downloads/Current_Release/TcruziBrazilA4/fasta/data/TriTrypDB-68_TcruziBrazilA4_AnnotatedTranscripts.fasta","N/A","57","1927","18708","5628","N/A","4475","14233","36184","14233","N/A","4475","N/A","N/A","N/A","N/A","3"
"http://TriTrypDB.org/common/downloads/Current_Release/TcruziBug2148/gff/data/TriTrypDB-68_TcruziBug2148.gff","no","TriTrypDB","0","0","929","N/A","C:  96.9%[S:  91.5%,D:   5.4%],F:   3.1%,M:   0.0%,n:130","euglenozoa_odb10","N/A","GenBank","GCA_002749415.1","   55.16","n/a","n/a","no","Trypanosoma cruzi Bug2148","Trypanosoma cruzi","5693","Bug2148","N/A","http://TriTrypDB.org/common/downloads/Current_Release/TcruziBug2148/fasta/data/TriTrypDB-68_TcruziBug2148_CDs.fasta","http://TriTrypDB.org/common/downloads/Current_Release/TcruziBug2148/fasta/data/TriTrypDB-68_TcruziBug2148_Genome.fasta","http://TriTrypDB.org/common/downloads/Current_Release/TcruziBug2148/fasta/data/TriTrypDB-68_TcruziBug2148_AnnotatedProteins.fasta","http://TriTrypDB.org/common/downloads/Current_Release/TcruziBug2148/fasta/data/TriTrypDB-68_TcruziBug2148_AnnotatedTranscripts.fasta","N/A","N/A","N/A","N/A","N/A","N/A","0","N/A","N/A","0","N/A","0","N/A","N/A","N/A","N/A","N/A"
"http://TriTrypDB.org/common/downloads/Current_Release/TcruziCL/gff/data/TriTrypDB-68_TcruziCL.gff","no","TriTrypDB","0","7764","0","N/A","C:  86.2%[S:  56.9%,D:  29.2%],F:   7.7%,M:   6.2%,n:130","euglenozoa_odb10","C:  86.2%[S:  56.2%,D:  30.0%],F:  10.8%,M:   3.1%,n:130","INSDC","GCA_003719155.1","   65.00","GenBank","Nov 05, 2018","no","Trypanosoma cruzi strain CL","Trypanosoma cruzi","5693","strain CL","N/A","http://TriTrypDB.org/common/downloads/Current_Release/TcruziCL/fasta/data/TriTrypDB-68_TcruziCL_CDs.fasta","http://TriTrypDB.org/common/downloads/Current_Release/TcruziCL/fasta/data/TriTrypDB-68_TcruziCL_Genome.fasta","http://TriTrypDB.org/common/downloads/Current_Release/TcruziCL/fasta/data/TriTrypDB-68_TcruziCL_AnnotatedProteins.fasta","http://TriTrypDB.org/common/downloads/Current_Release/TcruziCL/fasta/data/TriTrypDB-68_TcruziCL_AnnotatedTranscripts.fasta","N/A","74","2117","34344","10216","N/A","2066","32278","43689","32278","N/A","1962","N/A","N/A","N/A","N/A","N/A"
"http://TriTrypDB.org/common/downloads/Current_Release/TcruziCLBrenerEsmeraldo-like/gff/data/TriTrypDB-68_TcruziCLBrenerEsmeraldo-like.gff","no","TriTrypDB","41","0","0","Apollo","C:  60.0%[S:  58.5%,D:   1.5%],F:   2.3%,M:  37.7%,n:130","euglenozoa_odb10","C:  56.9%[S:  56.2%,D:   0.8%],F:   0.8%,M:  42.3%,n:130","GenBank","GCA_000209065.1","   32.53","GeneDB","Dec 07, 2015","yes","Trypanosoma cruzi CL Brener Esmeraldo-like","Trypanosoma cruzi","5693","CL Brener Esmeraldo-like","N/A","http://TriTrypDB.org/common/downloads/Current_Release/TcruziCLBrenerEsmeraldo-like/fasta/data/TriTrypDB-68_TcruziCLBrenerEsmeraldo-like_CDs.fasta","http://TriTrypDB.org/common/downloads/Current_Release/TcruziCLBrenerEsmeraldo-like/fasta/data/TriTrypDB-68_TcruziCLBrenerEsmeraldo-like_Genome.fasta","http://TriTrypDB.org/common/downloads/Current_Release/TcruziCLBrenerEsmeraldo-like/fasta/data/TriTrypDB-68_TcruziCLBrenerEsmeraldo-like_AnnotatedProteins.fasta","http://TriTrypDB.org/common/downloads/Current_Release/TcruziCLBrenerEsmeraldo-like/fasta/data/TriTrypDB-68_TcruziCLBrenerEsmeraldo-like_AnnotatedTranscripts.fasta","N/A","529","1662","10596","6631","6464","1557","9039","36921","9039","3518","1299","10596","N/A","10214","N/A","2457"
"http://TriTrypDB.org/common/downloads/Current_Release/TcruziCLBrenerNon-Esmeraldo-like/gff/data/TriTrypDB-68_TcruziCLBrenerNon-Esmeraldo-like.gff","no","TriTrypDB","41","0","0","N/A","C:  77.7%[S:  76.9%,D:   0.8%],F:   3.8%,M:  18.5%,n:130","euglenozoa_odb10","C:  76.9%[S:  76.2%,D:   0.8%],F:   2.3%,M:  20.8%,n:130","GenBank","GCA_000209065.1","   32.53","GeneDB","Dec 07, 2015","no","Trypanosoma cruzi CL Brener Non-Esmeraldo-like","Trypanosoma cruzi","5693","CL Brener Non-Esmeraldo-like","N/A","http://TriTrypDB.org/common/downloads/Current_Release/TcruziCLBrenerNon-Esmeraldo-like/fasta/data/TriTrypDB-68_TcruziCLBrenerNon-Esmeraldo-like_CDs.fasta","http://TriTrypDB.org/common/downloads/Current_Release/TcruziCLBrenerNon-Esmeraldo-like/fasta/data/TriTrypDB-68_TcruziCLBrenerNon-Esmeraldo-like_Genome.fasta","http://TriTrypDB.org/common/downloads/Current_Release/TcruziCLBrenerNon-Esmeraldo-like/fasta/data/TriTrypDB-68_TcruziCLBrenerNon-Esmeraldo-like_AnnotatedProteins.fasta","http://TriTrypDB.org/common/downloads/Current_Release/TcruziCLBrenerNon-Esmeraldo-like/fasta/data/TriTrypDB-68_TcruziCLBrenerNon-Esmeraldo-like_AnnotatedTranscripts.fasta","N/A","591","1734","11106","6697","N/A","1721","9385","34568","9385","3697","1446","11106","N/A","10638","N/A","998"
"http://TriTrypDB.org/common/downloads/Current_Release/TcruziDm28c2017/gff/data/TriTrypDB-68_TcruziDm28c2017.gff","yes","TriTrypDB","0","1029","0","N/A","C:  99.2%[S:  97.7%,D:   1.5%],F:   0.8%,M:   0.0%,n:130","euglenozoa_odb10","C: 100.0%[S:  98.5%,D:   1.5%],F:   0.0%,M:   0.0%,n:130","GenBank","GCA_002219105.2","   50.99","GenBank","Sep 15, 2017","no","Trypanosoma cruzi Dm28c 2017","Trypanosoma cruzi","5693","Dm28c 2017","N/A","http://TriTrypDB.org/common/downloads/Current_Release/TcruziDm28c2017/fasta/data/TriTrypDB-68_TcruziDm28c2017_CDs.fasta","http://TriTrypDB.org/common/downloads/Current_Release/TcruziDm28c2017/fasta/data/TriTrypDB-68_TcruziDm28c2017_Genome.fasta","http://TriTrypDB.org/common/downloads/Current_Release/TcruziDm28c2017/fasta/data/TriTrypDB-68_TcruziDm28c2017_AnnotatedProteins.fasta","http://TriTrypDB.org/common/downloads/Current_Release/TcruziDm28c2017/fasta/data/TriTrypDB-68_TcruziDm28c2017_AnnotatedTranscripts.fasta","N/A","60","1926","22870","6413","N/A","9227","13643","45909","13643","N/A","6614","N/A","N/A","N/A","N/A","6"
"http://TriTrypDB.org/common/downloads/Current_Release/TcruziDm28c2018/gff/data/TriTrypDB-68_TcruziDm28c2018.gff","no","TriTrypDB","0","0","636","N/A","C:  93.8%[S:  86.2%,D:   7.7%],F:   6.2%,M:   0.0%,n:130","euglenozoa_odb10","C:  89.2%[S:  82.3%,D:   6.9%],F:  10.8%,M:   0.0%,n:130","GenBank","GCA_003177105.1","   53.27","GenBank","May 30, 2018","no","Trypanosoma cruzi Dm28c 2018","Trypanosoma cruzi","5693","Dm28c 2018","N/A","http://TriTrypDB.org/common/downloads/Current_Release/TcruziDm28c2018/fasta/data/TriTrypDB-68_TcruziDm28c2018_CDs.fasta","http://TriTrypDB.org/common/downloads/Current_Release/TcruziDm28c2018/fasta/data/TriTrypDB-68_TcruziDm28c2018_Genome.fasta","http://TriTrypDB.org/common/downloads/Current_Release/TcruziDm28c2018/fasta/data/TriTrypDB-68_TcruziDm28c2018_AnnotatedProteins.fasta","http://TriTrypDB.org/common/downloads/Current_Release/TcruziDm28c2018/fasta/data/TriTrypDB-68_TcruziDm28c2018_AnnotatedTranscripts.fasta","N/A","2145","1765","19112","8567","N/A","3793","15319","43386","15319","N/A","1878","19112","N/A","N/A","N/A","28"
"http://TriTrypDB.org/common/downloads/Current_Release/TcruziG/gff/data/TriTrypDB-68_TcruziG.gff","no","TriTrypDB","0","1450","0","N/A","C:  97.7%[S:  97.7%,D:   0.0%],F:   2.3%,M:   0.0%,n:130","euglenozoa_odb10","C:  97.7%[S:  97.7%,D:   0.0%],F:   2.3%,M:   0.0%,n:130","INSDC","GCA_003719455.1","   25.17","GenBank","Nov 08, 2018","no","Trypanosoma cruzi strain G","Trypanosoma cruzi","5693","strain G","N/A","http://TriTrypDB.org/common/downloads/Current_Release/TcruziG/fasta/data/TriTrypDB-68_TcruziG_CDs.fasta","http://TriTrypDB.org/common/downloads/Current_Release/TcruziG/fasta/data/TriTrypDB-68_TcruziG_Genome.fasta","http://TriTrypDB.org/common/downloads/Current_Release/TcruziG/fasta/data/TriTrypDB-68_TcruziG_AnnotatedProteins.fasta","http://TriTrypDB.org/common/downloads/Current_Release/TcruziG/fasta/data/TriTrypDB-68_TcruziG_AnnotatedTranscripts.fasta","N/A","57","1903","13503","4546","N/A","795","12708","46126","12708","N/A","740","N/A","N/A","N/A","N/A","1"
"http://TriTrypDB.org/common/downloads/Current_Release/TcruziS11/gff/data/TriTrypDB-68_TcruziS11.gff","no","TriTrypDB","0","7855","0","N/A","C:  90.0%[S:  90.0%,D:   0.0%],F:   9.2%,M:   0.8%,n:130","euglenozoa_odb10","N/A","INSDC","GCA_003594385.1","   28.48","N/A","N/A","no","Trypanosoma cruzi strain S11","Trypanosoma cruzi","5693","strain S11","N/A","http://TriTrypDB.org/common/downloads/Current_Release/TcruziS11/fasta/data/TriTrypDB-68_TcruziS11_CDs.fasta","http://TriTrypDB.org/common/downloads/Current_Release/TcruziS11/fasta/data/TriTrypDB-68_TcruziS11_Genome.fasta","http://TriTrypDB.org/common/downloads/Current_Release/TcruziS11/fasta/data/TriTrypDB-68_TcruziS11_AnnotatedProteins.fasta","http://TriTrypDB.org/common/downloads/Current_Release/TcruziS11/fasta/data/TriTrypDB-68_TcruziS11_AnnotatedTranscripts.fasta","N/A","N/A","N/A","N/A","N/A","N/A","0","N/A","N/A","0","N/A","0","N/A","N/A","N/A","N/A","N/A"
"http://TriTrypDB.org/common/downloads/Current_Release/TcruziS15/gff/data/TriTrypDB-68_TcruziS15.gff","no","TriTrypDB","0","9197","0","N/A","C:  96.9%[S:  96.9%,D:   0.0%],F:   2.3%,M:   0.8%,n:130","euglenozoa_odb10","N/A","INSDC","GCA_003594585.1","   27.51","N/A","N/A","no","Trypanosoma cruzi strain S15","Trypanosoma cruzi","5693","strain S15","N/A","http://TriTrypDB.org/common/downloads/Current_Release/TcruziS15/fasta/data/TriTrypDB-68_TcruziS15_CDs.fasta","http://TriTrypDB.org/common/downloads/Current_Release/TcruziS15/fasta/data/TriTrypDB-68_TcruziS15_Genome.fasta","http://TriTrypDB.org/common/downloads/Current_Release/TcruziS15/fasta/data/TriTrypDB-68_TcruziS15_AnnotatedProteins.fasta","http://TriTrypDB.org/common/downloads/Current_Release/TcruziS15/fasta/data/TriTrypDB-68_TcruziS15_AnnotatedTranscripts.fasta","N/A","N/A","N/A","N/A","N/A","N/A","0","N/A","N/A","0","N/A","0","N/A","N/A","N/A","N/A","N/A"
"http://TriTrypDB.org/common/downloads/Current_Release/TcruziS154a/gff/data/TriTrypDB-68_TcruziS154a.gff","no","TriTrypDB","0","6946","0","N/A","C:  95.4%[S:  95.4%,D:   0.0%],F:   2.3%,M:   2.3%,n:130","euglenozoa_odb10","N/A","INSDC","GCA_003594715.1","   19.27","N/A","N/A","no","Trypanosoma cruzi strain S154a","Trypanosoma cruzi","5693","strain S154a","N/A","http://TriTrypDB.org/common/downloads/Current_Release/TcruziS154a/fasta/data/TriTrypDB-68_TcruziS154a_CDs.fasta","http://TriTrypDB.org/common/downloads/Current_Release/TcruziS154a/fasta/data/TriTrypDB-68_TcruziS154a_Genome.fasta","http://TriTrypDB.org/common/downloads/Current_Release/TcruziS154a/fasta/data/TriTrypDB-68_TcruziS154a_AnnotatedProteins.fasta","http://TriTrypDB.org/common/downloads/Current_Release/TcruziS154a/fasta/data/TriTrypDB-68_TcruziS154a_AnnotatedTranscripts.fasta","N/A","N/A","N/A","N/A","N/A","N/A","0","N/A","N/A","0","N/A","0","N/A","N/A","N/A","N/A","N/A"
"http://TriTrypDB.org/common/downloads/Current_Release/TcruziS162a/gff/data/TriTrypDB-68_TcruziS162a.gff","no","TriTrypDB","0","8588","0","N/A","C:  92.3%[S:  91.5%,D:   0.8%],F:   7.7%,M:   0.0%,n:130","euglenozoa_odb10","N/A","INSDC","GCA_003594605.1","   27.30","N/A","N/A","no","Trypanosoma cruzi strain S162a","Trypanosoma cruzi","5693","strain S162a","N/A","http://TriTrypDB.org/common/downloads/Current_Release/TcruziS162a/fasta/data/TriTrypDB-68_TcruziS162a_CDs.fasta","http://TriTrypDB.org/common/downloads/Current_Release/TcruziS162a/fasta/data/TriTrypDB-68_TcruziS162a_Genome.fasta","http://TriTrypDB.org/common/downloads/Current_Release/TcruziS162a/fasta/data/TriTrypDB-68_TcruziS162a_AnnotatedProteins.fasta","http://TriTrypDB.org/common/downloads/Current_Release/TcruziS162a/fasta/data/TriTrypDB-68_TcruziS162a_AnnotatedTranscripts.fasta","N/A","N/A","N/A","N/A","N/A","N/A","0","N/A","N/A","0","N/A","0","N/A","N/A","N/A","N/A","N/A"
"http://TriTrypDB.org/common/downloads/Current_Release/TcruziS23b/gff/data/TriTrypDB-68_TcruziS23b.gff","no","TriTrypDB","0","7145","0","N/A","C:  96.2%[S:  96.2%,D:   0.0%],F:   3.1%,M:   0.8%,n:130","euglenozoa_odb10","N/A","INSDC","GCA_003594425.1","   28.13","N/A","N/A","no","Trypanosoma cruzi strain S23b","Trypanosoma cruzi","5693","strain S23b","N/A","http://TriTrypDB.org/common/downloads/Current_Release/TcruziS23b/fasta/data/TriTrypDB-68_TcruziS23b_CDs.fasta","http://TriTrypDB.org/common/downloads/Current_Release/TcruziS23b/fasta/data/TriTrypDB-68_TcruziS23b_Genome.fasta","http://TriTrypDB.org/common/downloads/Current_Release/TcruziS23b/fasta/data/TriTrypDB-68_TcruziS23b_AnnotatedProteins.fasta","http://TriTrypDB.org/common/downloads/Current_Release/TcruziS23b/fasta/data/TriTrypDB-68_TcruziS23b_AnnotatedTranscripts.fasta","N/A","N/A","N/A","N/A","N/A","N/A","0","N/A","N/A","0","N/A","0","N/A","N/A","N/A","N/A","N/A"
"http://TriTrypDB.org/common/downloads/Current_Release/TcruziS44a/gff/data/TriTrypDB-68_TcruziS44a.gff","no","TriTrypDB","0","4971","0","N/A","C:  69.2%[S:  68.5%,D:   0.8%],F:   3.8%,M:  26.9%,n:130","euglenozoa_odb10","N/A","INSDC","GCA_003594705.1","   17.19","N/A","N/A","no","Trypanosoma cruzi strain S44a","Trypanosoma cruzi","5693","strain S44a","N/A","http://TriTrypDB.org/common/downloads/Current_Release/TcruziS44a/fasta/data/TriTrypDB-68_TcruziS44a_CDs.fasta","http://TriTrypDB.org/common/downloads/Current_Release/TcruziS44a/fasta/data/TriTrypDB-68_TcruziS44a_Genome.fasta","http://TriTrypDB.org/common/downloads/Current_Release/TcruziS44a/fasta/data/TriTrypDB-68_TcruziS44a_AnnotatedProteins.fasta","http://TriTrypDB.org/common/downloads/Current_Release/TcruziS44a/fasta/data/TriTrypDB-68_TcruziS44a_AnnotatedTranscripts.fasta","N/A","N/A","N/A","N/A","N/A","N/A","0","N/A","N/A","0","N/A","0","N/A","N/A","N/A","N/A","N/A"
"http://TriTrypDB.org/common/downloads/Current_Release/TcruziS92a/gff/data/TriTrypDB-68_TcruziS92a.gff","no","TriTrypDB","0","7134","0","N/A","C:  93.1%[S:  93.1%,D:   0.0%],F:   6.9%,M:   0.0%,n:130","euglenozoa_odb10","N/A","INSDC","GCA_003594445.1","   27.08","N/A","N/A","no","Trypanosoma cruzi strain S92a","Trypanosoma cruzi","5693","strain S92a","N/A","http://TriTrypDB.org/common/downloads/Current_Release/TcruziS92a/fasta/data/TriTrypDB-68_TcruziS92a_CDs.fasta","http://TriTrypDB.org/common/downloads/Current_Release/TcruziS92a/fasta/data/TriTrypDB-68_TcruziS92a_Genome.fasta","http://TriTrypDB.org/common/downloads/Current_Release/TcruziS92a/fasta/data/TriTrypDB-68_TcruziS92a_AnnotatedProteins.fasta","http://TriTrypDB.org/common/downloads/Current_Release/TcruziS92a/fasta/data/TriTrypDB-68_TcruziS92a_AnnotatedTranscripts.fasta","N/A","N/A","N/A","N/A","N/A","N/A","0","N/A","N/A","0","N/A","0","N/A","N/A","N/A","N/A","N/A"
"http://TriTrypDB.org/common/downloads/Current_Release/TcruziSylvioX10-1/gff/data/TriTrypDB-68_TcruziSylvioX10-1.gff","no","TriTrypDB","47","0","0","N/A","N/A","N/A","N/A","AnderssonLab","Mar 18, 2017","   41.38","AnderssonLab","Mar 18, 2017","no","Trypanosoma cruzi Sylvio X10/1","Trypanosoma cruzi","5693","Sylvio X10/1","N/A","http://TriTrypDB.org/common/downloads/Current_Release/TcruziSylvioX10-1/fasta/data/TriTrypDB-68_TcruziSylvioX10-1_CDs.fasta","http://TriTrypDB.org/common/downloads/Current_Release/TcruziSylvioX10-1/fasta/data/TriTrypDB-68_TcruziSylvioX10-1_Genome.fasta","http://TriTrypDB.org/common/downloads/Current_Release/TcruziSylvioX10-1/fasta/data/TriTrypDB-68_TcruziSylvioX10-1_AnnotatedProteins.fasta","http://TriTrypDB.org/common/downloads/Current_Release/TcruziSylvioX10-1/fasta/data/TriTrypDB-68_TcruziSylvioX10-1_AnnotatedTranscripts.fasta","N/A","N/A","926","20684","3019","N/A","65","18643","23365","20619","N/A","1976","N/A","N/A","19773","N/A","4"
"http://TriTrypDB.org/common/downloads/Current_Release/TcruziSylvioX10-1-2012/gff/data/TriTrypDB-68_TcruziSylvioX10-1-2012.gff","no","TriTrypDB","0","0","27019","N/A","C:  99.2%[S:  99.2%,D:   0.0%],F:   0.8%,M:   0.0%,n:130","euglenozoa_odb10","C:  94.6%[S:  94.6%,D:   0.0%],F:   3.1%,M:   2.3%,n:130","GenBank","GCA_000188675.2","   38.59","GenBank","Oct 2, 2012","no","Trypanosoma cruzi Sylvio X10/1-2012","Trypanosoma cruzi","5693","Sylvio X10/1-2012","N/A","http://TriTrypDB.org/common/downloads/Current_Release/TcruziSylvioX10-1-2012/fasta/data/TriTrypDB-68_TcruziSylvioX10-1-2012_CDs.fasta","http://TriTrypDB.org/common/downloads/Current_Release/TcruziSylvioX10-1-2012/fasta/data/TriTrypDB-68_TcruziSylvioX10-1-2012_Genome.fasta","http://TriTrypDB.org/common/downloads/Current_Release/TcruziSylvioX10-1-2012/fasta/data/TriTrypDB-68_TcruziSylvioX10-1-2012_AnnotatedProteins.fasta","http://TriTrypDB.org/common/downloads/Current_Release/TcruziSylvioX10-1-2012/fasta/data/TriTrypDB-68_TcruziSylvioX10-1-2012_AnnotatedTranscripts.fasta","N/A","59","1498","10876","4355","N/A","29","10847","29316","10847","N/A","29","N/A","N/A","N/A","N/A","22"
"http://TriTrypDB.org/common/downloads/Current_Release/TcruziTCC/gff/data/TriTrypDB-68_TcruziTCC.gff","no","TriTrypDB","0","0","1236","N/A","C:  99.2%[S:  16.2%,D:  83.1%],F:   0.8%,M:   0.0%,n:130","euglenozoa_odb10","C:  99.2%[S:  17.7%,D:  81.5%],F:   0.0%,M:   0.8%,n:130","GenBank","GCA_003177095.1","   87.06","GenBank","May 30, 2018","no","Trypanosoma cruzi TCC","Trypanosoma cruzi","5693","TCC","N/A","http://TriTrypDB.org/common/downloads/Current_Release/TcruziTCC/fasta/data/TriTrypDB-68_TcruziTCC_CDs.fasta","http://TriTrypDB.org/common/downloads/Current_Release/TcruziTCC/fasta/data/TriTrypDB-68_TcruziTCC_Genome.fasta","http://TriTrypDB.org/common/downloads/Current_Release/TcruziTCC/fasta/data/TriTrypDB-68_TcruziTCC_AnnotatedProteins.fasta","http://TriTrypDB.org/common/downloads/Current_Release/TcruziTCC/fasta/data/TriTrypDB-68_TcruziTCC_AnnotatedTranscripts.fasta","N/A","2320","2006","29302","13367","N/A","5111","24191","43047","24191","N/A","2964","N/A","N/A","N/A","N/A","6"
"http://TriTrypDB.org/common/downloads/Current_Release/TcruziY/gff/data/TriTrypDB-68_TcruziY.gff","no","TriTrypDB","0","0","9821","N/A","C:  99.2%[S:  99.2%,D:   0.0%],F:   0.8%,M:   0.0%,n:130","euglenozoa_odb10","N/A","GenBank","GCA_002749425.1","   39.04","n/a","n/a","no","Trypanosoma cruzi strain Y","Trypanosoma cruzi","5693","strain Y","N/A","http://TriTrypDB.org/common/downloads/Current_Release/TcruziY/fasta/data/TriTrypDB-68_TcruziY_CDs.fasta","http://TriTrypDB.org/common/downloads/Current_Release/TcruziY/fasta/data/TriTrypDB-68_TcruziY_Genome.fasta","http://TriTrypDB.org/common/downloads/Current_Release/TcruziY/fasta/data/TriTrypDB-68_TcruziY_AnnotatedProteins.fasta","http://TriTrypDB.org/common/downloads/Current_Release/TcruziY/fasta/data/TriTrypDB-68_TcruziY_AnnotatedTranscripts.fasta","N/A","N/A","N/A","N/A","N/A","N/A","0","N/A","N/A","0","N/A","0","N/A","N/A","N/A","N/A","N/A"
"http://TriTrypDB.org/common/downloads/Current_Release/TcruziYC6/gff/data/TriTrypDB-68_TcruziYC6.gff","no","TriTrypDB","40","0","226","Apollo","C:  98.5%[S:  97.7%,D:   0.8%],F:   0.8%,M:   0.8%,n:130","euglenozoa_odb10","C:  98.5%[S:  97.7%,D:   0.8%],F:   0.0%,M:   1.5%,n:130","GenBank","GCA_015033655.1","   47.22","TarletonLab","Aug 26, 2019","no","Trypanosoma cruzi Y C6","Trypanosoma cruzi","5693","Y C6","N/A","http://TriTrypDB.org/common/downloads/Current_Release/TcruziYC6/fasta/data/TriTrypDB-68_TcruziYC6_CDs.fasta","http://TriTrypDB.org/common/downloads/Current_Release/TcruziYC6/fasta/data/TriTrypDB-68_TcruziYC6_Genome.fasta","http://TriTrypDB.org/common/downloads/Current_Release/TcruziYC6/fasta/data/TriTrypDB-68_TcruziYC6_AnnotatedProteins.fasta","http://TriTrypDB.org/common/downloads/Current_Release/TcruziYC6/fasta/data/TriTrypDB-68_TcruziYC6_AnnotatedTranscripts.fasta","N/A","43","1925","17650","5498","N/A","3382","14268","37029","14268","N/A","3382","N/A","N/A","N/A","N/A","27"
"http://TriTrypDB.org/common/downloads/Current_Release/TcruziYcl2/gff/data/TriTrypDB-68_TcruziYcl2.gff","no","TriTrypDB","0","6884","0","N/A","C:  92.3%[S:  92.3%,D:   0.0%],F:   6.9%,M:   0.8%,n:130","euglenozoa_odb10","N/A","INSDC","GCA_003594485.1","   25.91","N/A","N/A","no","Trypanosoma cruzi strain Ycl2","Trypanosoma cruzi","5693","strain Ycl2","N/A","http://TriTrypDB.org/common/downloads/Current_Release/TcruziYcl2/fasta/data/TriTrypDB-68_TcruziYcl2_CDs.fasta","http://TriTrypDB.org/common/downloads/Current_Release/TcruziYcl2/fasta/data/TriTrypDB-68_TcruziYcl2_Genome.fasta","http://TriTrypDB.org/common/downloads/Current_Release/TcruziYcl2/fasta/data/TriTrypDB-68_TcruziYcl2_AnnotatedProteins.fasta","http://TriTrypDB.org/common/downloads/Current_Release/TcruziYcl2/fasta/data/TriTrypDB-68_TcruziYcl2_AnnotatedTranscripts.fasta","N/A","N/A","N/A","N/A","N/A","N/A","0","N/A","N/A","0","N/A","0","N/A","N/A","N/A","N/A","N/A"
"http://TriTrypDB.org/common/downloads/Current_Release/TcruziYcl4/gff/data/TriTrypDB-68_TcruziYcl4.gff","no","TriTrypDB","0","6664","0","N/A","C:  90.0%[S:  90.0%,D:   0.0%],F:  10.0%,M:   0.0%,n:130","euglenozoa_odb10","N/A","INSDC","GCA_003594405.1","   26.14","N/A","N/A","no","Trypanosoma cruzi strain Ycl4","Trypanosoma cruzi","5693","strain Ycl4","N/A","http://TriTrypDB.org/common/downloads/Current_Release/TcruziYcl4/fasta/data/TriTrypDB-68_TcruziYcl4_CDs.fasta","http://TriTrypDB.org/common/downloads/Current_Release/TcruziYcl4/fasta/data/TriTrypDB-68_TcruziYcl4_Genome.fasta","http://TriTrypDB.org/common/downloads/Current_Release/TcruziYcl4/fasta/data/TriTrypDB-68_TcruziYcl4_AnnotatedProteins.fasta","http://TriTrypDB.org/common/downloads/Current_Release/TcruziYcl4/fasta/data/TriTrypDB-68_TcruziYcl4_AnnotatedTranscripts.fasta","N/A","N/A","N/A","N/A","N/A","N/A","0","N/A","N/A","0","N/A","0","N/A","N/A","N/A","N/A","N/A"
"http://TriTrypDB.org/common/downloads/Current_Release/TcruziYcl6/gff/data/TriTrypDB-68_TcruziYcl6.gff","no","TriTrypDB","0","6967","0","N/A","C:  90.8%[S:  90.8%,D:   0.0%],F:   6.2%,M:   3.1%,n:130","euglenozoa_odb10","N/A","INSDC","GCA_003594465.1","   25.78","N/A","N/A","no","Trypanosoma cruzi strain Ycl6","Trypanosoma cruzi","5693","strain Ycl6","N/A","http://TriTrypDB.org/common/downloads/Current_Release/TcruziYcl6/fasta/data/TriTrypDB-68_TcruziYcl6_CDs.fasta","http://TriTrypDB.org/common/downloads/Current_Release/TcruziYcl6/fasta/data/TriTrypDB-68_TcruziYcl6_Genome.fasta","http://TriTrypDB.org/common/downloads/Current_Release/TcruziYcl6/fasta/data/TriTrypDB-68_TcruziYcl6_AnnotatedProteins.fasta","http://TriTrypDB.org/common/downloads/Current_Release/TcruziYcl6/fasta/data/TriTrypDB-68_TcruziYcl6_AnnotatedTranscripts.fasta","N/A","N/A","N/A","N/A","N/A","N/A","0","N/A","N/A","0","N/A","0","N/A","N/A","N/A","N/A","N/A"
"http://TriTrypDB.org/common/downloads/Current_Release/TcruzimarinkelleiB7/gff/data/TriTrypDB-68_TcruzimarinkelleiB7.gff","no","TriTrypDB","0","16783","0","N/A","C:  99.2%[S:  99.2%,D:   0.0%],F:   0.8%,M:   0.0%,n:130","euglenozoa_odb10","C:  98.5%[S:  98.5%,D:   0.0%],F:   1.5%,M:   0.0%,n:130","GenBank","GCA_000300495.1","   38.65","SchnauferLab","Jun 03, 2014","no","Trypanosoma cruzi marinkellei strain B7","Trypanosoma cruzi","5693","marinkellei strain B7","N/A","http://TriTrypDB.org/common/downloads/Current_Release/TcruzimarinkelleiB7/fasta/data/TriTrypDB-68_TcruzimarinkelleiB7_CDs.fasta","http://TriTrypDB.org/common/downloads/Current_Release/TcruzimarinkelleiB7/fasta/data/TriTrypDB-68_TcruzimarinkelleiB7_Genome.fasta","http://TriTrypDB.org/common/downloads/Current_Release/TcruzimarinkelleiB7/fasta/data/TriTrypDB-68_TcruzimarinkelleiB7_AnnotatedProteins.fasta","http://TriTrypDB.org/common/downloads/Current_Release/TcruzimarinkelleiB7/fasta/data/TriTrypDB-68_TcruzimarinkelleiB7_AnnotatedTranscripts.fasta","N/A","55","1265","10228","4112","N/A","0","10228","28921","10228","N/A","0","N/A","N/A","N/A","N/A","20"
"http://TriTrypDB.org/common/downloads/Current_Release/TequiperdumOVI/gff/data/TriTrypDB-68_TequiperdumOVI.gff","no","TriTrypDB","0","2026","0","Apollo","C:  99.2%[S:  99.2%,D:   0.0%],F:   0.8%,M:   0.0%,n:130","euglenozoa_odb10","C:  94.6%[S:  94.6%,D:   0.0%],F:   0.0%,M:   5.4%,n:130","INSDC","GCA_001457755.2","   26.23","GenBank","Oct 05, 2016","yes","Trypanosoma equiperdum OVI","Trypanosoma equiperdum","5694","OVI","N/A","http://TriTrypDB.org/common/downloads/Current_Release/TequiperdumOVI/fasta/data/TriTrypDB-68_TequiperdumOVI_CDs.fasta","http://TriTrypDB.org/common/downloads/Current_Release/TequiperdumOVI/fasta/data/TriTrypDB-68_TequiperdumOVI_Genome.fasta","http://TriTrypDB.org/common/downloads/Current_Release/TequiperdumOVI/fasta/data/TriTrypDB-68_TequiperdumOVI_AnnotatedProteins.fasta","http://TriTrypDB.org/common/downloads/Current_Release/TequiperdumOVI/fasta/data/TriTrypDB-68_TequiperdumOVI_AnnotatedTranscripts.fasta","N/A","874","N/A","9135","4667","N/A","1467","7668","36325","7668","N/A","1396","N/A","N/A","N/A","N/A","N/A"
"http://TriTrypDB.org/common/downloads/Current_Release/TevansiSTIB805/gff/data/TriTrypDB-68_TevansiSTIB805.gff","no","TriTrypDB","13","0","0","Apollo","C:  99.2%[S:  99.2%,D:   0.0%],F:   0.8%,M:   0.0%,n:130","euglenozoa_odb10","C:  95.4%[S:  95.4%,D:   0.0%],F:   0.8%,M:   3.8%,n:130","GenBank","GCA_917563935.1","   25.43","SchnauferLab","Jun 03, 2014","yes","Trypanosoma evansi strain STIB 805","Trypanosoma evansi","5697","strain STIB 805","N/A","http://TriTrypDB.org/common/downloads/Current_Release/TevansiSTIB805/fasta/data/TriTrypDB-68_TevansiSTIB805_CDs.fasta","http://TriTrypDB.org/common/downloads/Current_Release/TevansiSTIB805/fasta/data/TriTrypDB-68_TevansiSTIB805_Genome.fasta","http://TriTrypDB.org/common/downloads/Current_Release/TevansiSTIB805/fasta/data/TriTrypDB-68_TevansiSTIB805_AnnotatedProteins.fasta","http://TriTrypDB.org/common/downloads/Current_Release/TevansiSTIB805/fasta/data/TriTrypDB-68_TevansiSTIB805_AnnotatedTranscripts.fasta","N/A","3","N/A","10104","3656","N/A","1457","8647","34216","8647","N/A","1457","N/A","N/A","3902","N/A","16"
"http://TriTrypDB.org/common/downloads/Current_Release/TgrayiANR4/gff/data/TriTrypDB-68_TgrayiANR4.gff","no","TriTrypDB","0","0","2871","Apollo","C:  96.9%[S:  96.9%,D:   0.0%],F:   3.1%,M:   0.0%,n:130","euglenozoa_odb10","C:  96.2%[S:  96.2%,D:   0.0%],F:   3.1%,M:   0.8%,n:130","GenBank","GCA_000691245.1","   20.93","GenBank","Jun 17, 2014","yes","Trypanosoma grayi ANR4","Trypanosoma grayi","71804","ANR4","N/A","http://TriTrypDB.org/common/downloads/Current_Release/TgrayiANR4/fasta/data/TriTrypDB-68_TgrayiANR4_CDs.fasta","http://TriTrypDB.org/common/downloads/Current_Release/TgrayiANR4/fasta/data/TriTrypDB-68_TgrayiANR4_Genome.fasta","http://TriTrypDB.org/common/downloads/Current_Release/TgrayiANR4/fasta/data/TriTrypDB-68_TgrayiANR4_AnnotatedProteins.fasta","http://TriTrypDB.org/common/downloads/Current_Release/TgrayiANR4/fasta/data/TriTrypDB-68_TgrayiANR4_AnnotatedTranscripts.fasta","N/A","1","N/A","10676","4444","N/A","91","10585","34549","10585","N/A","2","N/A","N/A","N/A","N/A","15"
"http://TriTrypDB.org/common/downloads/Current_Release/TmelophagiumStKilda/gff/data/TriTrypDB-68_TmelophagiumStKilda.gff","no","TriTrypDB","0","64","0","Apollo","C: 100.0%[S: 100.0%,D:   0.0%],F:   0.0%,M:   0.0%,n:130","euglenozoa_odb10","C: 100.0%[S: 100.0%,D:   0.0%],F:   0.0%,M:   0.0%,n:130","INSDC","GCA_022059095.1","   23.30","GenBank","Feb 08, 2022","yes","Trypanosoma melophagium St. Kilda","Trypanosoma melophagium","715481","St. Kilda","N/A","http://TriTrypDB.org/common/downloads/Current_Release/TmelophagiumStKilda/fasta/data/TriTrypDB-68_TmelophagiumStKilda_CDs.fasta","http://TriTrypDB.org/common/downloads/Current_Release/TmelophagiumStKilda/fasta/data/TriTrypDB-68_TmelophagiumStKilda_Genome.fasta","http://TriTrypDB.org/common/downloads/Current_Release/TmelophagiumStKilda/fasta/data/TriTrypDB-68_TmelophagiumStKilda_AnnotatedProteins.fasta","http://TriTrypDB.org/common/downloads/Current_Release/TmelophagiumStKilda/fasta/data/TriTrypDB-68_TmelophagiumStKilda_AnnotatedTranscripts.fasta","N/A","N/A","N/A","9768","4378","N/A","0","9768","30887","9768","N/A","0","N/A","N/A","N/A","N/A","N/A"
"http://TriTrypDB.org/common/downloads/Current_Release/TtheileriEdinburgh/gff/data/TriTrypDB-68_TtheileriEdinburgh.gff","no","TriTrypDB","0","0","253","Apollo","C:  99.2%[S:  99.2%,D:   0.0%],F:   0.8%,M:   0.0%,n:130","euglenozoa_odb10","C:  99.2%[S:  99.2%,D:   0.0%],F:   0.8%,M:   0.0%,n:130","GenBank","GCA_002087225.1","   29.60","GenBank","Apr 12, 2017","yes","Trypanosoma theileri isolate Edinburgh","Trypanosoma theileri","67003","isolate Edinburgh","N/A","http://TriTrypDB.org/common/downloads/Current_Release/TtheileriEdinburgh/fasta/data/TriTrypDB-68_TtheileriEdinburgh_CDs.fasta","http://TriTrypDB.org/common/downloads/Current_Release/TtheileriEdinburgh/fasta/data/TriTrypDB-68_TtheileriEdinburgh_Genome.fasta","http://TriTrypDB.org/common/downloads/Current_Release/TtheileriEdinburgh/fasta/data/TriTrypDB-68_TtheileriEdinburgh_AnnotatedProteins.fasta","http://TriTrypDB.org/common/downloads/Current_Release/TtheileriEdinburgh/fasta/data/TriTrypDB-68_TtheileriEdinburgh_AnnotatedTranscripts.fasta","N/A","817","N/A","11312","5808","N/A","0","11312","32429","11312","N/A","0","N/A","N/A","N/A","N/A","3"
